Location,Application,Date,Treatment,Zone,Sample,Pollinator_category,Duration_of_visit,Flower_type,Pollination_event ,Flower_ratio_m_to_f,Total_flowers
Wooster,Pre,2024-07-11,Conventional,1,2,Squash,6,Both,1,4:1,NA
Wooster,Pre,2024-07-11,Conventional,1,2,Squash,20,Both,1,4:1,NA
Wooster,Pre,2024-07-11,Conventional,1,2,Honey,2,None,0,4:1,NA
Wooster,Pre,2024-07-11,Conventional,3,2,Squash,6,Both,1,4:1,NA
Wooster,Pre,2024-07-11,Conventional,3,2,Squash,20,Both,1,4:1,NA
Wooster,Pre,2024-07-11,Conventional,3,2,Sweat,2,None,0,4:1,NA
Wooster,Pre,2024-07-11,Conventional,2,2,Honey,3,Both,1,3:1,NA
Wooster,Pre,2024-07-11,Conventional,3,3,Squash,35,Both,1,5:2,NA
Wooster,Pre,2024-07-11,Conventional,3,3,Honey,17,Both,1,5:2,NA
Wooster,Pre,2024-07-11,Conventional,3,3,Honey,21,Male,0,5:2,NA
Wooster,Pre,2024-07-11,Conventional,3,3,Squash,10,Male,0,5:2,NA
Wooster,Pre,2024-07-11,Conventional,3,3,Honey,5,Both,1,5:2,NA
Wooster,Pre,2024-07-11,Conventional,3,3,Honey,7,Both,1,5:2,NA
Wooster,Pre,2024-07-11,Conventional,3,3,Sweat,3,None,0,5:2,NA
Wooster,Pre,2024-07-11,Conventional,3,3,Squash,75,Both,1,5:2,NA
Wooster,Pre,2024-07-11,Conventional,3,3,Squash,7,Male,0,5:2,NA
Wooster,Pre,2024-07-11,Conventional,1,1,Honey,6,Male,0,5:2,NA
Wooster,Pre,2024-07-11,Conventional,1,1,Honey,3,Male,0,5:2,NA
Wooster,Pre,2024-07-11,Conventional,1,1,Honey,2,Male,0,5:2,NA
Wooster,Pre,2024-07-11,Conventional,1,1,Honey,21,Both,1,5:2,NA
Wooster,Pre,2024-07-11,Conventional,1,1,Honey,5,None,0,5:2,NA
Wooster,Pre,2024-07-11,Conventional,1,1,Honey,3,Male,0,5:2,NA
Wooster,Pre,2024-07-11,Conventional,3,1,Sweat,7,Female,0,3:1,NA
Wooster,Pre,2024-07-11,Conventional,3,1,Honey,30,Male,0,3:1,NA
Wooster,Pre,2024-07-11,Conventional,3,1,Honey,10,Both,1,3:1,NA
Wooster,Pre,2024-07-11,Conventional,3,1,Honey,4,Male,0,3:1,NA
Wooster,Pre,2024-07-11,Conventional,2,1,Sweat,2,None,0,4:1,NA
Wooster,Pre,2024-07-11,Conventional,2,1,Honey,15,Male,0,4:1,NA
Wooster,Pre,2024-07-11,Conventional,2,1,Honey,22,Both,1,4:1,NA
Wooster,Pre,2024-07-11,Conventional,1,3,Honey,8.95,Both,1,4:1,NA
Wooster,Pre,2024-07-11,Conventional,1,3,Squash,25.06,Male,0,4:1,NA
Wooster,Pre,2024-07-11,Conventional,1,3,Squash,9.32,Female,0,4:1,NA
Wooster,Pre,2024-07-11,Conventional,1,3,Longhorn,10.65,Both,1,4:1,NA
Wooster,Pre,2024-07-11,Conventional,4,3,Squash,6.32,Both,1,5:2,NA
Wooster,Pre,2024-07-11,Conventional,4,3,Squash,10.11,Female,0,5:2,NA
Wooster,Pre,2024-07-11,Conventional,2,3,Squash,9.58,Male,0,5:1,NA
Wooster,Pre,2024-07-11,Conventional,2,3,Longhorn,81.65,Both,1,5:1,NA
Wooster,Pre,2024-07-11,Conventional,2,3,Squash,5.27,Both,0,5:1,NA
Wooster,Pre,2024-07-11,Conventional,2,3,Longhorn,10.93,Female,0,5:1,NA
Wooster,Pre,2024-07-11,Conventional,2,3,Honey,13.86,Male,0,5:1,NA
Wooster,Pre,2024-07-11,Conventional,2,3,Squash,5.21,Male,0,5:1,NA
Wooster,Pre,2024-07-11,Conventional,3,4,Squash,5.36,Male,0,5:2,NA
Wooster,Pre,2024-07-11,Conventional,4,2,Honey,1,Male,0,7:1,NA
Wooster,Pre,2024-07-11,Conventional,4,2,Honey,2,None,0,7:1,NA
Wooster,Pre,2024-07-11,Conventional,4,2,Honey,17,Male,0,7:1,NA
Wooster,Pre,2024-07-11,Conventional,1,4,Sweat,10,Female,0,1:2,NA
Wooster,Pre,2024-07-11,Conventional,1,4,Honey,6,Male,0,1:2,NA
Wooster,Pre,2024-07-11,Conventional,1,4,Honey,2,Female,0,1:2,NA
Wooster,Pre,2024-07-11,Conventional,2,4,Honey,5,Male,0,3:1,NA
Wooster,Pre,2024-07-11,Conventional,3,5,Honey,10,Both,1,2:1,NA
Wooster,Pre,2024-07-11,Conventional,4,1,Honey,5,Male,0,1:1,NA
Wooster,Pre,2024-07-11,Conventional,4,1,Honey,15,Both,1,1:1,NA
Wooster,Pre,2024-07-11,Conventional,4,1,Honey,3,Female,0,1:1,NA
Wooster,Pre,2024-07-11,Conventional,4,1,Honey,4,Female,0,1:1,NA
Wooster,Pre,2024-07-11,Conventional,4,1,Squash,11,Both,1,1:1,NA
Wooster,Pre,2024-07-11,Conventional,4,4,Bumble,3,Both,1,4:1,NA
Wooster,Pre,2024-07-11,Conventional,4,4,Squash,17,Both,1,4:1,NA
Wooster,Pre,2024-07-11,Conventional,4,4,Sweat,6,Male,0,4:1,NA
Wooster,Pre,2024-07-11,Conventional,4,4,Sweat,3,None,0,4:1,NA
Wooster,Pre,2024-07-11,Conventional,4,4,Longhorn,2,None,0,4:1,NA
Wooster,Pre,2024-07-11,IPPM,4,4,Honey,20,Male,0,3:1,NA
Wooster,Pre,2024-07-11,IPPM,4,4,Honey,5,Male,0,3:1,NA
Wooster,Pre,2024-07-11,IPPM,3,4,Honey,10,Male,0,2:1,NA
Wooster,Pre,2024-07-11,IPPM,3,4,Squash,25,Both,1,2:1,NA
Wooster,Pre,2024-07-11,IPPM,3,4,Honey,10,Male,0,2:1,NA
Wooster,Pre,2024-07-11,IPPM,2,4,Honey,3,Male,0,1:3,NA
Wooster,Pre,2024-07-11,IPPM,2,4,Honey,5,Female,0,1:3,NA
Wooster,Pre,2024-07-11,IPPM,2,4,Honey,15,Both,1,1:3,NA
Wooster,Pre,2024-07-11,IPPM,1,4,Squash,7.92,Male,0,5:3,NA
Wooster,Pre,2024-07-11,IPPM,1,4,Striped Sweat,46.72,Male,0,5:3,NA
Wooster,Pre,2024-07-11,IPPM,2,3,Longhorn,7.36,Male,0,4:1,NA
Wooster,Pre,2024-07-11,IPPM,2,3,Honey,32.61,Both,1,4:1,NA
Wooster,Pre,2024-07-11,IPPM,2,3,Squash,12.13,Both,1,4:1,NA
Wooster,Pre,2024-07-11,IPPM,3,3,Honey,15.23,Both,1,5:2,NA
Wooster,Pre,2024-07-11,IPPM,3,3,Honey,7.23,Male,0,5:2,NA
Wooster,Pre,2024-07-11,IPPM,4,3,Honey,32.12,Male,0,3:1,NA
Wooster,Pre,2024-07-11,IPPM,4,3,Honey,25.01,Both,1,3:1,NA
Wooster,Pre,2024-07-11,IPPM,4,3,Squash,33.25,Both,1,3:1,NA
Wooster,Pre,2024-07-11,IPPM,4,2,Sweat,2,None,0,4:1,NA
Wooster,Pre,2024-07-11,IPPM,1,3,Honey,2,None,0,4:1,NA
Wooster,Pre,2024-07-11,IPPM,1,3,Sweat,76,Male,0,4:1,NA
Wooster,Pre,2024-07-11,IPPM,2,2,Sweat,100,None,0,5:1,NA
Wooster,Pre,2024-07-11,IPPM,2,2,Honey,2,Male,0,5:1,NA
Wooster,Pre,2024-07-11,IPPM,2,2,Honey,25,Both,1,5:1,NA
Wooster,Pre,2024-07-11,IPPM,3,2,Honey,19,Both,1,10:1,NA
Wooster,Pre,2024-07-11,IPPM,1,2,Honey,3,Male,0,2:1,NA
Wooster,Pre,2024-07-11,IPPM,1,2,Honey,4,Male,0,2:1,NA
Wooster,Pre,2024-07-11,IPPM,1,2,Honey,10,Both,1,2:1,NA
Wooster,Pre,2024-07-11,IPPM,1,1,Striped Sweat,10,Both,1,4:1,NA
Wooster,Pre,2024-07-11,IPPM,1,1,Honey,5,Male,0,4:1,NA
Wooster,Pre,2024-07-11,IPPM,1,1,Sweat,10,Male,0,4:1,NA
Wooster,Pre,2024-07-11,IPPM,1,1,Honey,25,Both,1,4:1,NA
Wooster,Pre,2024-07-11,IPPM,3,1,Squash,60,Both,1,7:1,NA
Wooster,Pre,2024-07-11,IPPM,3,1,Striped Sweat,20,Male,0,7:1,NA
Wooster,Pre,2024-07-11,IPPM,3,1,Squash,10,Both,1,7:1,NA
Wooster,Pre,2024-07-11,IPPM,3,1,Honey,25,Male,0,7:1,NA
Wooster,Pre,2024-07-11,IPPM,2,1,Squash,12,Both,1,6:1,NA
Wooster,Pre,2024-07-11,IPPM,2,1,Squash,15,Both,1,6:1,NA
Wooster,Pre,2024-07-11,IPPM,2,1,Squash,5,Male,0,6:1,NA
Wooster,Pre,2024-07-11,IPPM,2,1,Honey,20,Both,1,6:1,NA
Wooster,Pre,2024-07-11,IPPM,4,1,Squash,10,Male,0,6:1,NA
Wooster,Pre,2024-07-11,IPPM,4,1,Honey,5,None,0,6:1,NA
Wooster,Pre,2024-07-11,IPPM,4,1,Squash,3,None,0,6:1,NA
Wooster,Pre,2024-07-18,Conventional,4,1,Honey,5,Male,0,23:2,25
Wooster,Pre,2024-07-18,Conventional,4,1,Honey,41,Both,1,23:2,25
Wooster,Pre,2024-07-18,Conventional,4,1,Honey,27,Male,0,23:2,25
Wooster,Pre,2024-07-18,Conventional,1,1,Striped Sweat,16,Male,0,30:0,30
Wooster,Pre,2024-07-18,Conventional,1,1,Honey,6,Male,0,30:0,30
Wooster,Pre,2024-07-18,Conventional,2,1,Honey,4,Male,0,17:5,22
Wooster,Pre,2024-07-18,Conventional,2,1,Bumble,1,Male,0,17:5,22
Wooster,Pre,2024-07-18,Conventional,2,1,Honey,4,Female,0,17:5,22
Wooster,Pre,2024-07-18,Conventional,3,1,Honey,5,Male,0,23:6,29
Wooster,Pre,2024-07-18,Conventional,3,1,Honey,12,Both,1,23:6,29
Wooster,Pre,2024-07-18,Conventional,3,1,Honey,3,Female,0,23:6,29
Wooster,Pre,2024-07-18,Conventional,3,1,Honey,14,Male,0,23:6,29
Wooster,Pre,2024-07-18,Conventional,3,1,Honey,28,Both,1,23:6,29
Wooster,Pre,2024-07-18,Conventional,3,1,Honey,15,Both,1,23:6,29
Wooster,Pre,2024-07-18,Conventional,3,1,Honey,2,Male,0,23:6,29
Wooster,Pre,2024-07-18,Conventional,3,1,Longhorn,9,Male,0,23:6,29
Wooster,Pre,2024-07-18,Conventional,1,2,Honey,32.17,Both,1,4:1,NA
Wooster,Pre,2024-07-18,Conventional,1,2,Squash,57.12,Male,0,4:1,NA
Wooster,Pre,2024-07-18,Conventional,1,2,Honey,25.21,Both,1,4:1,NA
Wooster,Pre,2024-07-18,Conventional,1,2,Honey,37.11,Both,0,4:1,NA
Wooster,Pre,2024-07-18,Conventional,1,2,Squash,13.43,Male,0,4:1,NA
Wooster,Pre,2024-07-18,Conventional,1,2,Honey,11.61,Female,0,4:1,NA
Wooster,Pre,2024-07-18,Conventional,1,2,Honey,24.92,Male,0,4:1,NA
Wooster,Pre,2024-07-18,Conventional,1,2,Honey,8.32,Male,0,4:1,NA
Wooster,Pre,2024-07-18,Conventional,1,2,Squash,12.81,Male,0,4:1,NA
Wooster,Pre,2024-07-18,Conventional,2,2,Honey,28.96,Both,0,3:1,NA
Wooster,Pre,2024-07-18,Conventional,2,2,Squash,8.95,Male,0,3:1,NA
Wooster,Pre,2024-07-18,Conventional,2,2,Striped Sweat,16.54,Male,0,3:1,NA
Wooster,Pre,2024-07-18,Conventional,2,2,Honey,44.28,Both,0,3:1,NA
Wooster,Pre,2024-07-18,Conventional,2,2,Honey,32.14,Male,0,3:1,NA
Wooster,Pre,2024-07-18,Conventional,2,2,Striped Sweat,34.15,Male,0,3:1,NA
Wooster,Pre,2024-07-18,Conventional,2,2,Honey,14.78,Both,0,3:1,NA
Wooster,Pre,2024-07-18,Conventional,2,2,Honey,5.45,Both,1,3:1,NA
Wooster,Pre,2024-07-18,Conventional,3,2,Honey,5.92,Male,0,5:3,NA
Wooster,Pre,2024-07-18,Conventional,3,2,Honey,22.71,Both,1,5:3,NA
Wooster,Pre,2024-07-18,Conventional,3,2,Bumble,8.21,Female,0,5:3,NA
Wooster,Pre,2024-07-18,Conventional,3,2,Honey,21.62,Both,1,5:3,NA
Wooster,Pre,2024-07-18,Conventional,3,2,Honey,30.48,Male,0,5:3,NA
Wooster,Pre,2024-07-18,Conventional,3,2,Honey,15.64,Both,0,5:3,NA
Wooster,Pre,2024-07-18,Conventional,3,2,Squash,32.1,Both,1,5:3,NA
Wooster,Pre,2024-07-18,Conventional,3,2,Honey,11.65,Both,0,5:3,NA
Wooster,Pre,2024-07-18,Conventional,3,2,Honey,42.21,Male,0,5:3,NA
Wooster,Pre,2024-07-18,Conventional,3,2,Striped Sweat,45.62,Male,0,5:3,NA
Wooster,Pre,2024-07-18,Conventional,3,2,Longhorn,6.82,Male,0,5:3,NA
Wooster,Pre,2024-07-18,Conventional,3,2,Honey,7.31,Female,0,5:3,NA
Wooster,Pre,2024-07-18,Conventional,3,2,Striped Sweat,51.3,Male,0,5:3,NA
Wooster,Pre,2024-07-18,Conventional,3,2,Honey,25.73,Both,0,5:3,NA
Wooster,Pre,2024-07-18,Conventional,3,2,Honey,22.34,Male,0,5:3,NA
Wooster,Pre,2024-07-18,Conventional,4,2,Honey,11.48,Both,1,3:1,NA
Wooster,Pre,2024-07-18,Conventional,4,2,Honey,6.29,Female,0,3:1,NA
Wooster,Pre,2024-07-18,Conventional,4,2,Honey,12.13,Both,1,3:1,NA
Wooster,Pre,2024-07-18,Conventional,4,2,Honey,21.39,Male,0,3:1,NA
Wooster,Pre,2024-07-18,Conventional,4,2,Honey,15.61,Both,1,3:1,NA
Wooster,Pre,2024-07-18,Conventional,4,2,Honey,8.14,Male,0,3:1,NA
Wooster,Pre,2024-07-18,Conventional,4,2,Honey,7.09,Female,0,3:1,NA
Wooster,Pre,2024-07-18,Conventional,4,2,Honey,22.42,Both,0,3:1,NA
Wooster,Pre,2024-07-18,Conventional,4,3,Honey,100,Both,1,4:1,15
Wooster,Pre,2024-07-18,Conventional,4,3,Honey,2,None,0,4:1,15
Wooster,Pre,2024-07-18,Conventional,4,3,Bumble,2,Male,0,4:1,15
Wooster,Pre,2024-07-18,Conventional,4,3,Honey,6,Male,0,4:1,15
Wooster,Pre,2024-07-18,Conventional,4,3,Honey,3,Female,0,4:1,15
Wooster,Pre,2024-07-18,Conventional,4,3,Honey,22,Female,0,4:1,15
Wooster,Pre,2024-07-18,Conventional,1,3,Honey,13,Both,1,11:3,14
Wooster,Pre,2024-07-18,Conventional,1,3,Honey,52,Both,1,11:3,14
Wooster,Pre,2024-07-18,Conventional,1,3,Honey,6,Male,0,11:3,14
Wooster,Pre,2024-07-18,Conventional,1,3,Squash,5,Both,1,11:3,14
Wooster,Pre,2024-07-18,Conventional,1,3,Sweat,3,Male,0,11:3,14
Wooster,Pre,2024-07-18,Conventional,2,3,Honey,20,Male,0,13:4,17
Wooster,Pre,2024-07-18,Conventional,2,3,Honey,8,Both,0,13:4,17
Wooster,Pre,2024-07-18,Conventional,3,3,Honey,30,Both,0,10:3,13
Wooster,Pre,2024-07-18,Conventional,3,3,Honey,6,Male,0,10:3,13
Wooster,Pre,2024-07-18,Conventional,3,3,Honey,2,Male,0,10:3,13
Wooster,Pre,2024-07-18,Conventional,3,3,Honey,2,Male,0,10:3,13
Wooster,Pre,2024-07-18,Conventional,3,3,Bumble,5,Both,0,10:3,13
Wooster,Pre,2024-07-18,Conventional,3,3,Honey,2,Male,0,10:3,13
Wooster,Pre,2024-07-18,Conventional,3,3,Honey,7,Male,0,10:3,13
Wooster,Pre,2024-07-18,Conventional,1,4,Striped Sweat,68,Male,0,34:9,43
Wooster,Pre,2024-07-18,Conventional,1,4,Striped Sweat,72,Both,1,34:9,43
Wooster,Pre,2024-07-18,Conventional,1,4,Striped Sweat,36.98,Both,1,34:9,43
Wooster,Pre,2024-07-18,Conventional,1,4,Bumble,1.99,Both,1,34:9,43
Wooster,Pre,2024-07-18,Conventional,1,4,Bumble,6.16,Female,0,34:9,43
Wooster,Pre,2024-07-18,Conventional,2,4,Squash,11.43,Both,1,3:2,25
Wooster,Pre,2024-07-18,Conventional,2,4,Squash,6.14,Both,1,3:2,25
Wooster,Pre,2024-07-18,Conventional,2,4,Squash,4.01,Both,1,3:2,25
Wooster,Pre,2024-07-18,Conventional,2,4,Squash,5.95,Both,1,3:2,25
Wooster,Pre,2024-07-18,Conventional,2,4,Squash,9.45,Both,1,3:2,25
Wooster,Pre,2024-07-18,Conventional,2,4,Squash,4.7,Male,0,3:2,25
Wooster,Pre,2024-07-18,Conventional,2,4,Striped Sweat,5.48,Male,0,3:2,25
Wooster,Pre,2024-07-18,Conventional,3,4,Striped Sweat,10.54,Male,0,2:1,18
Wooster,Pre,2024-07-18,Conventional,3,4,Honey,2.31,Female,0,2:1,18
Wooster,Pre,2024-07-18,Conventional,4,4,Squash,3.71,Both,1,17:10,27
Wooster,Pre,2024-07-18,Conventional,4,4,Squash,12.04,Both,1,17:10,27
Wooster,Pre,2024-07-18,Conventional,4,4,Squash,4.3,Both,1,17:10,27
Wooster,Pre,2024-07-18,Conventional,4,4,Squash,3.96,Both,1,17:10,27
Wooster,Pre,2024-07-18,Conventional,4,4,Squash,6.62,Both,1,17:10,27
Wooster,Pre,2024-07-18,Conventional,4,4,Squash,1.85,Both,1,17:10,27
Wooster,Pre,2024-07-18,Conventional,4,4,Squash,3.25,Both,1,17:10,27
Wooster,Pre,2024-07-18,Conventional,4,4,Squash,6.27,Both,1,17:10,27
Wooster,Pre,2024-07-18,Conventional,4,4,Bumble,4.89,Both,1,17:10,27
Wooster,Pre,2024-07-18,Conventional,4,4,Bumble,6.32,Male,0,17:10,27
Wooster,Pre,2024-07-18,IPPM,1,1,Squash,4.47,Male,0,5:2,NA
Wooster,Pre,2024-07-18,IPPM,1,1,Squash,12.12,Female,0,5:2,NA
Wooster,Pre,2024-07-18,IPPM,1,1,Honey,26.26,Both,0,5:2,NA
Wooster,Pre,2024-07-18,IPPM,1,1,Striped Sweat,51.25,Female,0,5:2,NA
Wooster,Pre,2024-07-18,IPPM,2,1,Honey,35.46,Male,0,4:1,NA
Wooster,Pre,2024-07-18,IPPM,2,1,Honey,36.03,Both,1,4:1,NA
Wooster,Pre,2024-07-18,IPPM,2,2,Honey,2,Male,0,7:2,18
Wooster,Pre,2024-07-18,IPPM,2,2,Honey,17,Male,0,7:2,18
Wooster,Pre,2024-07-18,IPPM,2,2,Honey,23,Both,1,7:2,18
Wooster,Pre,2024-07-18,IPPM,2,2,Honey,2,Female,0,7:2,18
Wooster,Pre,2024-07-18,IPPM,3,1,Squash,8,Both,1,14:3,17
Wooster,Pre,2024-07-18,IPPM,3,1,Honey,10,Male,0,14:3,17
Wooster,Pre,2024-07-18,IPPM,3,1,Honey,15,Male,0,14:3,17
Wooster,Pre,2024-07-18,IPPM,3,1,Honey,34,Male,0,14:3,17
Wooster,Pre,2024-07-18,IPPM,4,1,Sweat,27,Male,0,5:1,12
Wooster,Pre,2024-07-18,IPPM,4,1,Honey,7,Male,0,5:1,12
Wooster,Pre,2024-07-18,IPPM,1,2,Honey,21,Both,1,11:5,16
Wooster,Pre,2024-07-18,IPPM,1,2,Honey,24,Both,1,11:5,16
Wooster,Pre,2024-07-18,IPPM,1,2,Honey,6,Male,0,11:5,16
Wooster,Pre,2024-07-18,IPPM,1,2,Honey,11,Male,0,11:5,16
Wooster,Pre,2024-07-18,IPPM,2,3,Bumble,6,Male,0,25:4,29
Wooster,Pre,2024-07-18,IPPM,2,3,Bumble,13,Both,1,25:4,29
Wooster,Pre,2024-07-18,IPPM,2,3,Bumble,3,Male,0,25:4,29
Wooster,Pre,2024-07-18,IPPM,2,3,Bumble,2,Male,0,25:4,29
Wooster,Pre,2024-07-18,IPPM,3,2,Honey,21,Both,1,7:1,24
Wooster,Pre,2024-07-18,IPPM,3,2,Honey,64,Male,0,7:1,24
Wooster,Pre,2024-07-18,IPPM,4,2,Striped Sweat,25,Both,1,22:3,25
Wooster,Pre,2024-07-18,IPPM,4,2,Honey,2,Male,0,22:3,25
Wooster,Pre,2024-07-18,IPPM,4,2,Honey,3,Male,0,22:3,25
Wooster,Pre,2024-07-18,IPPM,4,2,Honey,27,Male,0,22:3,25
Wooster,Pre,2024-07-18,IPPM,1,3,Squash,2.25,Both,1,5:6,22
Wooster,Pre,2024-07-18,IPPM,2,4,Squash,2.27,Female,0,21:10,31
Wooster,Pre,2024-07-18,IPPM,2,4,Sweat,5.44,Male,0,21:10,31
Wooster,Pre,2024-07-18,IPPM,2,4,Bumble,3.12,Both,1,21:10,31
Wooster,Pre,2024-07-18,IPPM,2,4,Squash,1,Both,1,21:10,31
Wooster,Pre,2024-07-18,IPPM,3,3,Striped Sweat,1.06,Male,0,17:8,25
Wooster,Pre,2024-07-18,IPPM,4,3,Striped Sweat,9.85,Male,0,12:7,19
Wooster,Pre,2024-07-18,IPPM,4,3,Squash,8.12,Both,1,12:7,19
Wooster,Pre,2024-07-18,IPPM,4,3,Squash,15.7,Both,1,12:7,19
Wooster,Pre,2024-07-18,IPPM,4,3,Squash,4.83,Both,1,12:7,19
Wooster,Pre,2024-07-18,IPPM,3,4,Striped Sweat,58.27,Male,0,5:3,NA
Wooster,Pre,2024-07-18,IPPM,4,4,Honey,28.51,Both,1,4:1,NA
Wooster,Pre,2024-07-18,IPPM,4,4,Honey,12.59,Both,1,4:1,NA
Wooster,Pre,2024-07-18,IPPM,4,4,Squash,25.21,Both,0,4:1,NA
Wooster,Pre,2024-07-18,IPPM,4,4,Honey,50.39,Male,0,4:1,NA
Wooster,Pre,2024-07-18,IPPM,4,4,Honey,11.47,Male,0,4:1,NA
Wooster,Pre,2024-07-18,IPPM,4,4,Bumble,15.27,Both,1,4:1,NA
Wooster,Pre,2024-07-25,Conventional,1,4,Squash,144,Female,0,7:3,10
Wooster,Pre,2024-07-25,Conventional,1,4,Sweat,4,Male,0,7:3,10
Wooster,Pre,2024-07-25,Conventional,1,4,Honey,5,Male,0,7:3,10
Wooster,Pre,2024-07-25,Conventional,1,4,Honey,1,None,0,7:3,10
Wooster,Pre,2024-07-25,Conventional,1,4,Squash,2,Male,0,7:3,10
Wooster,Pre,2024-07-25,Conventional,1,4,Honey,2,Male,0,7:3,10
Wooster,Pre,2024-07-25,Conventional,2,1,Honey,2,Male,0,16:1,17
Wooster,Pre,2024-07-25,Conventional,2,1,Honey,4,Male,0,16:1,17
Wooster,Pre,2024-07-25,Conventional,2,1,Squash,19,Both,1,16:1,17
Wooster,Pre,2024-07-25,Conventional,2,1,Honey,11,Male,0,16:1,17
Wooster,Pre,2024-07-25,Conventional,2,1,Squash,10,Male,0,16:1,17
Wooster,Pre,2024-07-25,Conventional,3,1,Honey,10,Both,0,6:1,14
Wooster,Pre,2024-07-25,Conventional,3,1,Honey,16,Both,0,6:1,14
Wooster,Pre,2024-07-25,Conventional,3,1,Honey,5,Male,0,6:1,14
Wooster,Pre,2024-07-25,Conventional,3,1,Honey,3,Male,0,6:1,14
Wooster,Pre,2024-07-25,Conventional,3,1,Honey,2,Male,0,6:1,14
Wooster,Pre,2024-07-25,Conventional,4,1,Honey,7,Male,0,21:1,22
Wooster,Pre,2024-07-25,Conventional,4,1,Honey,3,None,0,21:1,22
Wooster,Pre,2024-07-25,Conventional,4,1,Squash,8,Both,1,21:1,22
Wooster,Pre,2024-07-25,Conventional,4,1,Honey,2,None,0,21:1,22
Wooster,Pre,2024-07-25,Conventional,4,1,Honey,1,Male,0,21:1,22
Wooster,Pre,2024-07-25,Conventional,4,1,Honey,5,Male,0,21:1,22
Wooster,Pre,2024-07-25,Conventional,4,1,Honey,1,Male,0,21:1,22
Wooster,Pre,2024-07-25,Conventional,4,1,Honey,3,Male,0,21:1,22
Wooster,Pre,2024-07-25,Conventional,1,1,Honey,105,Both,1,5:1,27
Wooster,Pre,2024-07-25,Conventional,1,1,Striped Sweat,23.18,Male,0,5:1,27
Wooster,Pre,2024-07-25,Conventional,1,1,Honey,33.92,Male,0,5:1,27
Wooster,Pre,2024-07-25,Conventional,1,1,Squash,54.93,Both,1,5:1,27
Wooster,Pre,2024-07-25,Conventional,4,2,Honey,14.59,Female,0,4:1,41
Wooster,Pre,2024-07-25,Conventional,4,2,Bumble,16.74,Both,1,4:1,41
Wooster,Pre,2024-07-25,Conventional,4,2,Honey,27.29,Both,1,4:1,41
Wooster,Pre,2024-07-25,Conventional,4,2,Honey,10.71,Male,0,4:1,41
Wooster,Pre,2024-07-25,Conventional,4,2,Honey,18.68,Both,1,4:1,41
Wooster,Pre,2024-07-25,Conventional,4,2,Bumble,8.25,Female,0,4:1,41
Wooster,Pre,2024-07-25,Conventional,4,2,Honey,13.41,Male,0,4:1,41
Wooster,Pre,2024-07-25,Conventional,4,2,Honey,7.77,Male,0,4:1,41
Wooster,Pre,2024-07-25,Conventional,4,2,Honey,11.09,Both,1,4:1,41
Wooster,Pre,2024-07-25,Conventional,4,2,Honey,14.22,Both,1,4:1,41
Wooster,Pre,2024-07-25,Conventional,4,2,Honey,11.28,Both,1,4:1,41
Wooster,Pre,2024-07-25,Conventional,4,2,Squash,15.98,Both,1,4:1,41
Wooster,Pre,2024-07-25,Conventional,3,2,Honey,31.34,Both,1,3:1,39
Wooster,Pre,2024-07-25,Conventional,3,2,Honey,32.32,Both,1,3:1,39
Wooster,Pre,2024-07-25,Conventional,3,2,Honey,6.52,Female,0,3:1,39
Wooster,Pre,2024-07-25,Conventional,3,2,Bumble,7.1,Male,0,3:1,39
Wooster,Pre,2024-07-25,Conventional,3,2,Honey,19.26,Male,0,3:1,39
Wooster,Pre,2024-07-25,Conventional,3,2,Honey,22.75,Both,1,3:1,39
Wooster,Pre,2024-07-25,Conventional,3,2,Honey,8.6,Both,1,3:1,39
Wooster,Pre,2024-07-25,Conventional,2,2,Honey,19.46,Both,1,3:1,43
Wooster,Pre,2024-07-25,Conventional,2,2,Honey,32.13,Both,1,3:1,43
Wooster,Pre,2024-07-25,Conventional,2,2,Longhorn,4.29,Male,0,3:1,43
Wooster,Pre,2024-07-25,Conventional,2,2,Honey,14.52,Male,0,3:1,43
Wooster,Pre,2024-07-25,Conventional,2,2,Honey,22.98,Both,1,3:1,43
Wooster,Pre,2024-07-25,Conventional,2,2,Squash,7.35,Female,0,3:1,43
Wooster,Pre,2024-07-25,Conventional,1,2,Honey,2.12,Male,0,14:5,19
Wooster,Pre,2024-07-25,Conventional,1,2,Honey,0.81,Male,0,14:5,19
Wooster,Pre,2024-07-25,Conventional,1,2,Honey,7.93,Both,1,14:5,19
Wooster,Pre,2024-07-25,Conventional,1,2,Honey,2.34,Both,1,14:5,19
Wooster,Pre,2024-07-25,Conventional,2,3,Squash,5.06,Male,0,11:4,30
Wooster,Pre,2024-07-25,Conventional,2,3,Striped Sweat,18.25,Male,0,11:4,30
Wooster,Pre,2024-07-25,Conventional,2,3,Bumble,2.32,Both,1,11:4,30
Wooster,Pre,2024-07-25,Conventional,2,3,Squash,4.26,Male,0,11:4,30
Wooster,Pre,2024-07-25,Conventional,2,3,Bumble,2.12,Male,0,11:4,30
Wooster,Pre,2024-07-25,Conventional,3,3,Honey,5.89,Male,0,11:5,16
Wooster,Pre,2024-07-25,Conventional,3,3,Honey,0.92,Male,0,11:5,16
Wooster,Pre,2024-07-25,Conventional,3,3,Honey,3.92,Both,1,11:5,16
Wooster,Pre,2024-07-25,Conventional,3,3,Honey,4.06,Female,0,11:5,16
Wooster,Pre,2024-07-25,Conventional,4,3,Honey,2.89,Male,0,3:1,18
Wooster,Pre,2024-07-25,Conventional,4,3,Honey,14.12,Male,0,3:1,18
Wooster,Pre,2024-07-25,Conventional,4,3,Squash,2.31,Both,1,3:1,18
Wooster,Pre,2024-07-25,Conventional,4,3,Squash,3.23,Male,0,3:1,18
Wooster,Pre,2024-07-25,Conventional,4,3,Squash,1.61,Male,0,3:1,18
Wooster,Pre,2024-07-25,Conventional,4,3,Squash,2.42,Male,0,3:1,18
Wooster,Pre,2024-07-25,Conventional,4,3,Honey,16.38,Female,0,3:1,18
Wooster,Pre,2024-07-25,Conventional,4,3,Honey,1.88,Male,0,3:1,18
Wooster,Pre,2024-07-25,Conventional,1,3,Squash,3.92,Male,0,NA,17
Wooster,Pre,2024-07-25,Conventional,1,3,Squash,2.22,Both,1,NA,17
Wooster,Pre,2024-07-25,Conventional,1,3,Squash,1.57,Male,0,NA,17
Wooster,Pre,2024-07-25,Conventional,1,3,Squash,2.69,Male,0,NA,17
Wooster,Pre,2024-07-25,Conventional,1,3,Squash,0.83,Male,0,NA,17
Wooster,Pre,2024-07-25,Conventional,1,3,Longhorn,6.88,Both,1,NA,17
Wooster,Pre,2024-07-25,Conventional,2,4,Squash,31.72,Both,1,11:5,16
Wooster,Pre,2024-07-25,Conventional,2,4,Squash,21.61,Both,1,11:5,16
Wooster,Pre,2024-07-25,Conventional,2,4,Honey,5.9,Male,0,11:5,16
Wooster,Pre,2024-07-25,Conventional,2,4,Squash,18.88,Male,0,11:5,16
Wooster,Pre,2024-07-25,Conventional,3,4,Squash,11.56,Male,0,3:1,17
Wooster,Pre,2024-07-25,Conventional,3,4,Squash,9.93,Male,0,3:1,17
Wooster,Pre,2024-07-25,Conventional,3,4,Honey,21.87,Both,1,3:1,17
Wooster,Pre,2024-07-25,Conventional,3,4,Honey,24.23,Male,0,3:1,17
Wooster,Pre,2024-07-25,Conventional,3,4,Squash,3.12,Male,0,3:1,17
Wooster,Pre,2024-07-25,Conventional,3,4,Squash,12.14,Male,0,3:1,17
Wooster,Pre,2024-07-25,Conventional,4,4,Squash,18.65,Both,1,11:3,28
Wooster,Pre,2024-07-25,Conventional,4,4,Squash,14.84,Male,0,11:3,28
Wooster,Pre,2024-07-25,Conventional,4,4,Honey,4.07,Male,0,11:3,28
Wooster,Pre,2024-07-25,Conventional,4,4,Bumble,12.56,Male,0,11:3,28
Wooster,Pre,2024-07-25,Conventional,4,4,Honey,23.42,Both,1,11:3,28
Wooster,Pre,2024-07-25,Conventional,4,4,Bumble,6.89,Male,0,11:3,28
Wooster,Pre,2024-07-25,IPPM,1,1,Honey,10.26,Male,0,3:1,21
Wooster,Pre,2024-07-25,IPPM,1,1,Honey,7.59,Male,0,3:1,21
Wooster,Pre,2024-07-25,IPPM,1,1,Honey,8.36,Both,1,3:1,21
Wooster,Pre,2024-07-25,IPPM,1,1,Honey,38.01,Both,1,3:1,21
Wooster,Pre,2024-07-25,IPPM,1,1,Longhorn,131.09,Female,0,3:1,21
Wooster,Pre,2024-07-25,IPPM,1,1,Honey,19.12,Male,0,3:1,21
Wooster,Pre,2024-07-25,IPPM,1,1,Squash,28.98,Both,1,3:1,21
Wooster,Pre,2024-07-25,IPPM,2,1,Honey,3.25,Male,0,5:2,39
Wooster,Pre,2024-07-25,IPPM,2,1,Honey,30.35,Both,1,5:2,39
Wooster,Pre,2024-07-25,IPPM,2,1,Honey,45.45,Both,1,5:2,39
Wooster,Pre,2024-07-25,IPPM,2,1,Honey,40.03,Male,0,5:2,39
Wooster,Pre,2024-07-25,IPPM,2,1,Bumble,6.96,Female,0,5:2,39
Wooster,Pre,2024-07-25,IPPM,2,1,Squash,21.72,Both,1,5:2,39
Wooster,Pre,2024-07-25,IPPM,2,1,Honey,21.27,Both,1,5:2,39
Wooster,Pre,2024-07-25,IPPM,2,1,Honey,23.94,Both,1,5:2,39
Wooster,Pre,2024-07-25,IPPM,2,1,Honey,19.05,Male,0,5:2,39
Wooster,Pre,2024-07-25,IPPM,4,1,Honey,13.45,Both,1,4:1,43
Wooster,Pre,2024-07-25,IPPM,4,1,Honey,9.12,Both,1,4:1,43
Wooster,Pre,2024-07-25,IPPM,4,1,Honey,3.08,Both,1,4:1,43
Wooster,Pre,2024-07-25,IPPM,4,1,Honey,28.59,Female,0,4:1,43
Wooster,Pre,2024-07-25,IPPM,4,1,Squash,25.59,Both,1,4:1,43
Wooster,Pre,2024-07-25,IPPM,4,1,Bumble,17.62,Both,1,4:1,43
Wooster,Pre,2024-07-25,IPPM,4,1,Honey,14.53,Male,0,4:1,43
Wooster,Pre,2024-07-25,IPPM,4,1,Honey,14.22,Both,1,4:1,43
Wooster,Pre,2024-07-25,IPPM,4,1,Honey,50.24,Both,1,4:1,43
Wooster,Pre,2024-07-25,IPPM,4,1,Honey,18.26,Male,0,4:1,43
Wooster,Pre,2024-07-25,IPPM,4,1,Longhorn,8.31,Female,0,4:1,43
Wooster,Pre,2024-07-25,IPPM,4,1,Honey,9.59,Male,0,4:1,43
Wooster,Pre,2024-07-25,IPPM,3,1,Honey,7.82,Male,0,3:1,35
Wooster,Pre,2024-07-25,IPPM,3,1,Honey,6.23,Both,1,3:1,35
Wooster,Pre,2024-07-25,IPPM,3,1,Honey,15.37,Both,1,3:1,35
Wooster,Pre,2024-07-25,IPPM,3,1,Squash,17.57,Both,1,3:1,35
Wooster,Pre,2024-07-25,IPPM,3,1,Squash,8.07,Female,0,3:1,35
Wooster,Pre,2024-07-25,IPPM,3,1,Honey,6.95,Both,1,3:1,35
Wooster,Pre,2024-07-25,IPPM,3,1,Honey,38.77,Both,1,3:1,35
Wooster,Pre,2024-07-25,IPPM,3,1,Honey,24.14,Both,1,3:1,35
Wooster,Pre,2024-07-25,IPPM,3,1,Squash,20.03,Both,1,3:1,35
Wooster,Pre,2024-07-25,IPPM,3,2,Honey,33,Male,0,7:2,18
Wooster,Pre,2024-07-25,IPPM,3,2,Honey,4,Male,0,7:2,18
Wooster,Pre,2024-07-25,IPPM,3,2,Honey,33,Both,1,7:2,18
Wooster,Pre,2024-07-25,IPPM,3,2,Honey,40,Male,0,7:2,18
Wooster,Pre,2024-07-25,IPPM,3,2,Squash,36,Male,0,7:2,18
Wooster,Pre,2024-07-25,IPPM,3,2,Honey,5,Both,0,7:2,18
Wooster,Pre,2024-07-25,IPPM,4,2,Honey,12,Male,0,13:2,15
Wooster,Pre,2024-07-25,IPPM,4,2,Honey,34,Both,1,13:2,15
Wooster,Pre,2024-07-25,IPPM,4,2,Honey,5,Male,0,13:2,15
Wooster,Pre,2024-07-25,IPPM,4,2,Honey,13,Both,1,13:2,15
Wooster,Pre,2024-07-25,IPPM,4,2,Honey,3,Male,0,13:2,15
Wooster,Pre,2024-07-25,IPPM,4,2,Bumble,19,Male,0,13:2,15
Wooster,Pre,2024-07-25,IPPM,4,3,Honey,14,Both,1,13:4,17
Wooster,Pre,2024-07-25,IPPM,4,3,Honey,30,Both,1,13:4,17
Wooster,Pre,2024-07-25,IPPM,4,3,Honey,35,Both,1,13:4,17
Wooster,Pre,2024-07-25,IPPM,4,3,Sweat,25,Female,0,13:4,17
Wooster,Pre,2024-07-25,IPPM,4,3,Honey,29,Male,0,13:4,17
Wooster,Pre,2024-07-25,IPPM,4,3,Honey,3,Both,1,13:4,17
Wooster,Pre,2024-07-25,IPPM,4,3,Honey,70,Both,1,13:4,17
Wooster,Pre,2024-07-25,IPPM,3,3,Squash,30,Both,1,17:3,20
Wooster,Pre,2024-07-25,IPPM,3,3,Squash,28,Both,1,17:3,20
Wooster,Pre,2024-07-25,IPPM,3,3,Honey,50,Both,0,17:3,20
Wooster,Pre,2024-07-25,IPPM,3,3,Honey,46,Male,0,17:3,20
Wooster,Pre,2024-07-25,IPPM,3,3,Bumble,18,Both,1,17:3,20
Wooster,Pre,2024-07-25,IPPM,3,3,Honey,10,Male,0,17:3,20
Wooster,Pre,2024-07-25,IPPM,3,3,Honey,47,Both,1,17:3,20
Wooster,Pre,2024-07-25,IPPM,3,3,Honey,9,Both,1,17:3,20
Wooster,Pre,2024-07-25,IPPM,2,2,Honey,4,Male,0,5:1,18
Wooster,Pre,2024-07-25,IPPM,2,2,Honey,14,Male,0,5:1,18
Wooster,Pre,2024-07-25,IPPM,2,2,Honey,4,Male,0,5:1,18
Wooster,Pre,2024-07-25,IPPM,2,2,Bumble,2,None,0,5:1,18
Wooster,Pre,2024-07-25,IPPM,2,2,Honey,69,Both,1,5:1,18
Wooster,Pre,2024-07-25,IPPM,2,2,Honey,10,Male,0,5:1,18
Wooster,Pre,2024-07-25,IPPM,1,2,Sweat,9,Male,0,11:5,16
Wooster,Pre,2024-07-25,IPPM,1,2,Honey,15,Both,1,11:5,16
Wooster,Pre,2024-07-25,IPPM,1,2,Sweat,25,Male,0,11:5,16
Wooster,Pre,2024-07-25,IPPM,1,2,Honey,5,Male,0,11:5,16
Wooster,Pre,2024-07-25,IPPM,1,2,Honey,5,Male,0,11:5,16
Wooster,Pre,2024-07-25,IPPM,1,2,Honey,37,Both,1,11:5,16
Wooster,Pre,2024-07-25,IPPM,1,2,Honey,80,Both,1,11:5,16
Wooster,Pre,2024-07-25,IPPM,1,2,Bumble,22,Both,1,11:5,16
Wooster,Pre,2024-07-25,IPPM,1,2,Honey,20,Male,0,11:5,16
Wooster,Pre,2024-07-25,IPPM,1,2,Honey,20,Male,0,11:5,16
Wooster,Pre,2024-07-25,IPPM,2,3,Squash,30.99,Both,1,5:2,21
Wooster,Pre,2024-07-25,IPPM,2,3,Honey,1.98,Male,0,5:2,21
Wooster,Pre,2024-07-25,IPPM,2,3,Squash,46.21,Both,1,5:2,21
Wooster,Pre,2024-07-25,IPPM,2,3,Squash,28.42,Male,0,5:2,21
Wooster,Pre,2024-07-25,IPPM,2,3,Squash,16.07,Both,1,5:2,21
Wooster,Pre,2024-07-25,IPPM,1,3,Bumble,13.86,Both,1,3:1,16
Wooster,Pre,2024-07-25,IPPM,1,3,Honey,8.54,Both,1,3:1,16
Wooster,Pre,2024-07-25,IPPM,1,3,Squash,5.31,Male,0,3:1,16
Wooster,Pre,2024-07-25,IPPM,1,3,Honey,40.79,Both,1,3:1,16
Wooster,Pre,2024-07-25,IPPM,1,3,Striped Sweat,4.23,Male,0,3:1,16
Wooster,Pre,2024-07-25,IPPM,1,3,Honey,11.93,Male,0,3:1,16
Wooster,Pre,2024-07-25,IPPM,4,4,Bumble,31.49,Both,1,11:4,30
Wooster,Pre,2024-07-25,IPPM,4,4,Honey,10.8,Male,0,11:4,30
Wooster,Pre,2024-07-25,IPPM,4,4,Squash,20.91,Both,1,11:4,30
Wooster,Pre,2024-07-25,IPPM,4,4,Squash,15.33,Male,0,11:4,30
Wooster,Pre,2024-07-25,IPPM,4,4,Squash,7.68,Male,0,11:4,30
Wooster,Pre,2024-07-25,IPPM,4,4,Squash,17.81,Both,1,11:4,30
Wooster,Pre,2024-07-25,IPPM,4,4,Honey,39.39,Both,1,11:4,30
Wooster,Pre,2024-07-25,IPPM,4,4,Longhorn,2.59,Male,0,11:4,30
Wooster,Pre,2024-07-25,IPPM,3,4,Squash,33.02,Male,0,5:1,17
Wooster,Pre,2024-07-25,IPPM,3,4,Squash,16.98,Male,0,5:1,17
Wooster,Pre,2024-07-25,IPPM,3,4,Squash,1.66,Male,0,5:1,17
Wooster,Pre,2024-07-25,IPPM,3,4,Squash,4.55,Male,0,5:1,17
Wooster,Pre,2024-07-25,IPPM,3,4,Squash,8.31,Male,0,5:1,17
Wooster,Pre,2024-07-25,IPPM,3,4,Bumble,2.7,Male,0,5:1,17
Wooster,Pre,2024-07-25,IPPM,3,4,Squash,24.7,Both,1,5:1,17
Wooster,Pre,2024-07-25,IPPM,3,4,Longhorn,3.15,Male,0,5:1,17
Wooster,Pre,2024-07-25,IPPM,2,4,Honey,17.95,Male,0,9:2,22
Wooster,Pre,2024-07-25,IPPM,2,4,Squash,18.49,Male,0,9:2,22
Wooster,Pre,2024-07-25,IPPM,2,4,Squash,14.86,Male,0,9:2,22
Wooster,Pre,2024-07-25,IPPM,2,4,Squash,5.06,Male,0,9:2,22
Wooster,Pre,2024-07-25,IPPM,2,4,Squash,24.81,Both,1,9:2,22
Wooster,Pre,2024-07-25,IPPM,2,4,Squash,18.17,Male,0,9:2,22
Wooster,Pre,2024-07-25,IPPM,1,4,Squash,12.98,Male,0,13:2,15
Wooster,Pre,2024-07-25,IPPM,1,4,Squash,26.65,Male,0,13:2,15
Wooster,Pre,2024-07-25,IPPM,1,4,Bumble,8.2,Male,0,13:2,15
Wooster,Pre,2024-07-25,IPPM,1,4,Honey,11.14,Male,0,13:2,15
Wooster,Pre,2024-07-25,IPPM,1,4,Squash,29.73,Both,1,13:2,15
Wooster,Pre,2024-07-25,IPPM,1,4,Squash,11.99,Male,0,13:2,15
Wooster,Pre,2024-07-25,IPPM,1,4,Honey,12.66,Male,0,13:2,15
Wooster,Pre,2024-07-25,IPPM,1,4,Honey,1.84,Male,0,13:2,15
Wooster,Post,2024-07-12,Conventional,4,2,Honey,10,Male,0,4:1,NA
Wooster,Post,2024-07-12,Conventional,4,2,Squash,35,Both,1,4:1,NA
Wooster,Post,2024-07-12,Conventional,4,2,Squash,20,Male,0,4:1,NA
Wooster,Post,2024-07-12,Conventional,4,2,Honey,10,Male,0,4:1,NA
Wooster,Post,2024-07-12,Conventional,4,2,Honey,40,Both,1,4:1,NA
Wooster,Post,2024-07-12,Conventional,4,2,Honey,25,Both,1,4:1,NA
Wooster,Post,2024-07-12,Conventional,4,2,Squash,20,Both,1,4:1,NA
Wooster,Post,2024-07-12,Conventional,4,1,Squash,16,Male,0,4:1,NA
Wooster,Post,2024-07-12,Conventional,4,1,Honey,65,Both,1,4:1,NA
Wooster,Post,2024-07-12,Conventional,4,1,Honey,10,Female,0,4:1,NA
Wooster,Post,2024-07-12,Conventional,4,1,Honey,30,Both,1,4:1,NA
Wooster,Post,2024-07-12,Conventional,4,1,Honey,2,Female,0,4:1,NA
Wooster,Post,2024-07-12,Conventional,4,1,Sweat,16,Male,0,4:1,NA
Wooster,Post,2024-07-12,Conventional,1,2,Honey,31,Both,1,5:3,NA
Wooster,Post,2024-07-12,Conventional,1,2,Honey,5,Female,0,5:3,NA
Wooster,Post,2024-07-12,Conventional,1,2,Honey,1,Male,0,5:3,NA
Wooster,Post,2024-07-12,Conventional,1,2,Bumble,15,Both,1,5:3,NA
Wooster,Post,2024-07-12,Conventional,1,2,Honey,12,Male,0,5:3,NA
Wooster,Post,2024-07-12,Conventional,3,3,Honey,24,Male,0,6:1,NA
Wooster,Post,2024-07-12,Conventional,3,3,Bumble,9,Male,0,6:1,NA
Wooster,Post,2024-07-12,Conventional,3,3,Honey,28,Both,1,6:1,NA
Wooster,Post,2024-07-12,Conventional,3,3,Honey,20,Male,0,6:1,NA
Wooster,Post,2024-07-12,Conventional,3,3,Honey,14,Both,1,6:1,NA
Wooster,Post,2024-07-12,Conventional,3,3,Bumble,3,Male,0,6:1,NA
Wooster,Post,2024-07-12,Conventional,3,3,Honey,4,Female,0,6:1,NA
Wooster,Post,2024-07-12,Conventional,3,3,Honey,2,None,0,6:1,NA
Wooster,Post,2024-07-12,Conventional,3,3,Honey,4,Male,0,6:1,NA
Wooster,Post,2024-07-12,Conventional,3,3,Honey,6,Both,1,6:1,NA
Wooster,Post,2024-07-12,Conventional,1,1,Sweat,36,Male,0,15:2,NA
Wooster,Post,2024-07-12,Conventional,1,1,Honey,3,Male,0,15:2,NA
Wooster,Post,2024-07-12,Conventional,1,1,Sweat,3,Male,0,15:2,NA
Wooster,Post,2024-07-12,Conventional,1,1,Sweat,58,Male,0,15:2,NA
Wooster,Post,2024-07-12,Conventional,1,3,Longhorn,4,Male,0,15:2,NA
Wooster,Post,2024-07-12,Conventional,1,3,Honey,15,Male,0,15:2,NA
Wooster,Post,2024-07-12,Conventional,4,4,Honey,5,Male,0,3:1,NA
Wooster,Post,2024-07-12,Conventional,4,4,Honey,2,Male,0,3:1,NA
Wooster,Post,2024-07-12,Conventional,4,4,Honey,15,Male,0,3:1,NA
Wooster,Post,2024-07-12,Conventional,4,4,Honey,4,Male,0,3:1,NA
Wooster,Post,2024-07-12,Conventional,4,4,Honey,7,Male,0,3:1,NA
Wooster,Post,2024-07-12,Conventional,4,4,Honey,2,Male,0,3:1,NA
Wooster,Post,2024-07-12,Conventional,4,4,Honey,7,Male,0,3:1,NA
Wooster,Post,2024-07-12,Conventional,4,3,Honey,4,Male,0,3:1,NA
Wooster,Post,2024-07-12,Conventional,4,3,Honey,12,Male,0,3:1,NA
Wooster,Post,2024-07-12,Conventional,4,3,Honey,15,Male,0,3:1,NA
Wooster,Post,2024-07-12,Conventional,4,3,Longhorn,11,Male,0,3:1,NA
Wooster,Post,2024-07-12,Conventional,4,3,Honey,9,Male,0,3:1,NA
Wooster,Post,2024-07-12,Conventional,4,3,Honey,1,Male,0,3:1,NA
Wooster,Post,2024-07-12,Conventional,4,4,Honey,30,Male,0,3:1,NA
Wooster,Post,2024-07-12,Conventional,4,4,Honey,3,Male,0,3:1,NA
Wooster,Post,2024-07-12,Conventional,4,4,Honey,6,Male,0,3:1,NA
Wooster,Post,2024-07-12,Conventional,4,4,Honey,4,Male,0,3:1,NA
Wooster,Post,2024-07-12,Conventional,4,4,Honey,4,Male,0,3:1,NA
Wooster,Post,2024-07-12,Conventional,4,4,Honey,4,Male,0,3:1,NA
Wooster,Post,2024-07-12,Conventional,4,4,Honey,6,Male,0,3:1,NA
Wooster,Post,2024-07-12,Conventional,4,4,Honey,4,Male,0,3:1,NA
Wooster,Post,2024-07-12,Conventional,4,4,Honey,2,Male,0,3:1,NA
Wooster,Post,2024-07-12,Conventional,4,4,Honey,3,Male,0,3:1,NA
Wooster,Post,2024-07-12,Conventional,3,1,Honey,27,Male,0,21:0,NA
Wooster,Post,2024-07-12,Conventional,3,1,Honey,8,Male,0,21:0,NA
Wooster,Post,2024-07-12,Conventional,3,2,Honey,15,Male,0,21:0,NA
Wooster,Post,2024-07-12,Conventional,3,2,Honey,12,Male,0,21:0,NA
Wooster,Post,2024-07-12,Conventional,3,2,Honey,19,Male,0,21:0,NA
Wooster,Post,2024-07-12,Conventional,3,2,Honey,13,Male,0,21:0,NA
Wooster,Post,2024-07-12,Conventional,3,2,Honey,17,Male,0,21:0,NA
Wooster,Post,2024-07-12,Conventional,3,2,Honey,5,Male,0,21:0,NA
Wooster,Post,2024-07-12,Conventional,2,2,Honey,4,Male,0,6:1,NA
Wooster,Post,2024-07-12,Conventional,2,2,Honey,8,Male,0,6:1,NA
Wooster,Post,2024-07-12,Conventional,2,2,Honey,2,Male,0,6:1,NA
Wooster,Post,2024-07-12,Conventional,2,2,Bumble,5,Male,0,6:1,NA
Wooster,Post,2024-07-12,Conventional,2,3,Honey,42,Male,1,6:1,NA
Wooster,Post,2024-07-12,Conventional,2,1,Bumble,3,None,0,4:1,NA
Wooster,Post,2024-07-12,Conventional,2,1,Honey,25,Male,0,4:1,NA
Wooster,Post,2024-07-12,Conventional,2,1,Bumble,1,Male,0,4:1,NA
Wooster,Post,2024-07-12,Conventional,2,1,Honey,5,Female,0,4:1,NA
Wooster,Post,2024-07-12,IPPM,1,1,Green Metallic Sweat,2,Female,0,8:1,NA
Wooster,Post,2024-07-12,IPPM,1,1,Sweat,5,Male,0,8:1,NA
Wooster,Post,2024-07-12,IPPM,1,1,Honey,26,Male,0,8:1,NA
Wooster,Post,2024-07-12,IPPM,1,1,Honey,8,Male,0,8:1,NA
Wooster,Post,2024-07-12,IPPM,1,1,Honey,8,Male,0,8:1,NA
Wooster,Post,2024-07-12,IPPM,1,1,Sweat,2,Female,0,8:1,NA
Wooster,Post,2024-07-12,IPPM,1,1,Honey,5,Male,0,8:1,NA
Wooster,Post,2024-07-12,IPPM,1,1,Sweat,6,Male,0,8:1,NA
Wooster,Post,2024-07-12,IPPM,2,1,Honey,2,None,0,4:1,NA
Wooster,Post,2024-07-12,IPPM,2,1,Honey,67,Both,1,4:1,NA
Wooster,Post,2024-07-12,IPPM,2,1,Honey,40,Both,1,4:1,NA
Wooster,Post,2024-07-12,IPPM,2,1,Honey,16,Both,1,4:1,NA
Wooster,Post,2024-07-12,IPPM,2,1,Green Metallic Sweat,25,Male,0,4:1,NA
Wooster,Post,2024-07-12,IPPM,2,1,Sweat,15,Male,0,4:1,NA
Wooster,Post,2024-07-12,IPPM,2,1,Green Metallic Sweat,10,Female,0,4:1,NA
Wooster,Post,2024-07-12,IPPM,2,1,Honey,25,Male,0,4:1,NA
Wooster,Post,2024-07-12,IPPM,2,1,Green Metallic Sweat,19,Male,0,4:1,NA
Wooster,Post,2024-07-12,IPPM,3,1,Honey,4,Male,0,11:1,NA
Wooster,Post,2024-07-12,IPPM,3,1,Honey,5,Male,0,11:1,NA
Wooster,Post,2024-07-12,IPPM,3,1,Honey,16,Male,0,11:1,NA
Wooster,Post,2024-07-12,IPPM,3,1,Honey,65,Male,0,11:1,NA
Wooster,Post,2024-07-12,IPPM,3,1,Honey,57,Male,0,11:1,NA
Wooster,Post,2024-07-12,IPPM,3,1,Honey,10,Both,1,11:1,NA
Wooster,Post,2024-07-12,IPPM,3,1,Honey,3,Male,0,11:1,NA
Wooster,Post,2024-07-12,IPPM,3,1,Honey,67,Both,1,11:1,NA
Wooster,Post,2024-07-12,IPPM,3,1,Honey,23,Male,0,11:1,NA
Wooster,Post,2024-07-12,IPPM,3,1,Honey,3,Male,0,11:1,NA
Wooster,Post,2024-07-12,IPPM,3,1,Honey,2,Male,0,11:1,NA
Wooster,Post,2024-07-12,IPPM,4,1,Honey,68,Both,1,7:3,NA
Wooster,Post,2024-07-12,IPPM,4,1,Honey,58,Both,1,7:3,NA
Wooster,Post,2024-07-12,IPPM,4,1,Honey,5,Male,0,7:3,NA
Wooster,Post,2024-07-12,IPPM,4,1,Honey,2,Male,0,7:3,NA
Wooster,Post,2024-07-12,IPPM,4,1,Honey,10,Both,1,7:3,NA
Wooster,Post,2024-07-12,IPPM,4,1,Honey,8,Male,0,7:3,NA
Wooster,Post,2024-07-12,IPPM,4,1,Sweat,10,Female,0,7:3,NA
Wooster,Post,2024-07-12,IPPM,1,2,Honey,10,Both,1,15:3,NA
Wooster,Post,2024-07-12,IPPM,1,2,Honey,30,Both,1,15:3,NA
Wooster,Post,2024-07-12,IPPM,1,2,Honey,11,Male,0,15:3,NA
Wooster,Post,2024-07-12,IPPM,1,2,Honey,31,Male,0,15:3,NA
Wooster,Post,2024-07-12,IPPM,1,3,Honey,27,Male,0,15:3,NA
Wooster,Post,2024-07-12,IPPM,1,3,Honey,10,Male,0,15:3,NA
Wooster,Post,2024-07-12,IPPM,1,3,Honey,4,Male,0,15:3,NA
Wooster,Post,2024-07-12,IPPM,1,3,Honey,19,Male,0,15:3,NA
Wooster,Post,2024-07-12,IPPM,1,3,Honey,26,Female,0,15:3,NA
Wooster,Post,2024-07-12,IPPM,2,2,Honey,6,Male,0,4:1,NA
Wooster,Post,2024-07-12,IPPM,2,2,Green Metallic Sweat,3,Male,0,4:1,NA
Wooster,Post,2024-07-12,IPPM,2,2,Honey,5,Male,0,4:1,NA
Wooster,Post,2024-07-12,IPPM,2,2,Honey,8,Male,0,4:1,NA
Wooster,Post,2024-07-12,IPPM,2,2,Honey,8,Female,0,4:1,NA
Wooster,Post,2024-07-12,IPPM,2,2,Honey,10,Male,0,4:1,NA
Wooster,Post,2024-07-12,IPPM,2,3,Honey,8,Male,0,4:1,NA
Wooster,Post,2024-07-12,IPPM,2,3,Honey,5,Male,0,4:1,NA
Wooster,Post,2024-07-12,IPPM,2,3,Honey,7,Male,0,4:1,NA
Wooster,Post,2024-07-12,IPPM,2,3,Honey,14,Male,0,4:1,NA
Wooster,Post,2024-07-12,IPPM,2,3,Honey,6,Male,0,4:1,NA
Wooster,Post,2024-07-12,IPPM,2,3,Honey,1,Male,0,4:1,NA
Wooster,Post,2024-07-12,IPPM,2,3,Honey,4,Male,0,4:1,NA
Wooster,Post,2024-07-12,IPPM,2,3,Honey,29,Male,0,4:1,NA
Wooster,Post,2024-07-12,IPPM,2,3,Honey,8,Male,0,4:1,NA
Wooster,Post,2024-07-12,IPPM,3,2,Longhorn,2,Male,0,11:2,NA
Wooster,Post,2024-07-12,IPPM,3,2,Honey,27,Both,1,11:2,NA
Wooster,Post,2024-07-12,IPPM,3,2,Honey,1,Male,0,11:2,NA
Wooster,Post,2024-07-12,IPPM,3,2,Honey,5,Male,0,11:2,NA
Wooster,Post,2024-07-12,IPPM,3,2,Sweat,6,Male,0,11:2,NA
Wooster,Post,2024-07-12,IPPM,3,2,Longhorn,10,Male,0,11:2,NA
Wooster,Post,2024-07-12,IPPM,3,2,Longhorn,3,Male,0,11:2,NA
Wooster,Post,2024-07-12,IPPM,3,2,Honey,4,Male,0,11:2,NA
Wooster,Post,2024-07-12,IPPM,3,2,Honey,2,Male,0,11:2,NA
Wooster,Post,2024-07-12,IPPM,3,2,Honey,3,Male,0,11:2,NA
Wooster,Post,2024-07-12,IPPM,3,3,Honey,16,Male,0,11:2,NA
Wooster,Post,2024-07-12,IPPM,3,3,Honey,2,Male,0,11:2,NA
Wooster,Post,2024-07-12,IPPM,3,3,Honey,2,Male,0,11:2,NA
Wooster,Post,2024-07-12,IPPM,3,3,Honey,32,Male,0,11:2,NA
Wooster,Post,2024-07-12,IPPM,3,3,Honey,7,Male,0,11:2,NA
Wooster,Post,2024-07-12,IPPM,4,2,Honey,3,Male,0,2:1,NA
Wooster,Post,2024-07-12,IPPM,4,2,Honey,2,Male,0,2:1,NA
Wooster,Post,2024-07-12,IPPM,4,2,Honey,11,Male,0,2:1,NA
Wooster,Post,2024-07-12,IPPM,4,2,Honey,23,Male,0,2:1,NA
Wooster,Post,2024-07-12,IPPM,4,2,Honey,6,Male,0,2:1,NA
Wooster,Post,2024-07-12,IPPM,4,2,Honey,3,Male,0,2:1,NA
Wooster,Post,2024-07-12,IPPM,4,2,Honey,21,Male,0,2:1,NA
Wooster,Post,2024-07-12,IPPM,4,3,Honey,3,Male,0,2:1,NA
Wooster,Post,2024-07-12,IPPM,4,3,Honey,10,Male,0,2:1,NA
Wooster,Post,2024-07-12,IPPM,4,3,Honey,34,Male,0,2:1,NA
Wooster,Post,2024-07-12,IPPM,4,3,Squash,6,Female,0,2:1,NA
Wooster,Post,2024-07-26,IPPM,1,1,Honey,21,Both,0,29:1,30
Wooster,Post,2024-07-26,IPPM,1,1,Honey,7,Male,0,29:1,30
Wooster,Post,2024-07-26,IPPM,1,1,Honey,10,Male,0,29:1,30
Wooster,Post,2024-07-26,IPPM,1,1,Honey,31,Male,0,29:1,30
Wooster,Post,2024-07-26,IPPM,1,1,Honey,17,Male,0,29:1,30
Wooster,Post,2024-07-26,IPPM,1,1,Honey,2,Male,0,29:1,30
Wooster,Post,2024-07-26,IPPM,1,1,Honey,14,Male,0,29:1,30
Wooster,Post,2024-07-26,IPPM,1,1,Honey,3,Male,0,29:1,30
Wooster,Post,2024-07-26,IPPM,2,1,Honey,9,Male,0,30:3,33
Wooster,Post,2024-07-26,IPPM,2,1,Honey,9,Male,0,30:3,33
Wooster,Post,2024-07-26,IPPM,2,1,Bumble,6,Male,0,30:3,33
Wooster,Post,2024-07-26,IPPM,2,1,Longhorn,8,Male,0,30:3,33
Wooster,Post,2024-07-26,IPPM,2,1,Longhorn,19,Male,0,30:3,33
Wooster,Post,2024-07-26,IPPM,2,1,Bumble,3,Male,0,30:3,33
Wooster,Post,2024-07-26,IPPM,2,1,Honey,33,Both,1,30:3,33
Wooster,Post,2024-07-26,IPPM,4,1,Honey,6,Male,0,13:3,16
Wooster,Post,2024-07-26,IPPM,4,1,Honey,85,Both,1,13:3,16
Wooster,Post,2024-07-26,IPPM,4,1,Honey,12,Both,1,13:3,16
Wooster,Post,2024-07-26,IPPM,4,1,Honey,5,Female,0,13:3,16
Wooster,Post,2024-07-26,IPPM,3,1,Honey,3,Male,0,11:1,22
Wooster,Post,2024-07-26,IPPM,3,1,Honey,2,Male,0,11:1,22
Wooster,Post,2024-07-26,IPPM,3,1,Bumble,2,Male,0,11:1,22
Wooster,Post,2024-07-26,IPPM,3,1,Sweat,91,Both,0,11:1,22
Wooster,Post,2024-07-26,IPPM,3,1,Honey,5,Male,0,11:1,22
Wooster,Post,2024-07-26,IPPM,2,2,Green Metallic Sweat,20,Male,0,7:2,18
Wooster,Post,2024-07-26,IPPM,2,2,Sweat,40,Male,0,7:2,18
Wooster,Post,2024-07-26,IPPM,2,2,Honey,37,Male,0,7:2,18
Wooster,Post,2024-07-26,IPPM,2,2,Honey,59,Both,1,7:2,18
Wooster,Post,2024-07-26,IPPM,2,2,Honey,7,Male,0,7:2,18
Wooster,Post,2024-07-26,IPPM,2,2,Green Metallic Sweat,33,Both,1,7:2,18
Wooster,Post,2024-07-26,IPPM,1,2,Honey,70,Both,1,21:4,25
Wooster,Post,2024-07-26,IPPM,1,2,Honey,39,Both,1,21:4,25
Wooster,Post,2024-07-26,IPPM,1,2,Honey,10,Male,0,21:4,25
Wooster,Post,2024-07-26,IPPM,1,2,Honey,2,None,0,21:4,25
Wooster,Post,2024-07-26,IPPM,1,2,Honey,56,Both,1,21:4,25
Wooster,Post,2024-07-26,IPPM,1,3,Honey,6,Both,0,13:1,14
Wooster,Post,2024-07-26,IPPM,1,3,Honey,3,Male,0,13:1,14
Wooster,Post,2024-07-26,IPPM,1,3,Sweat,56,Both,0,13:1,14
Wooster,Post,2024-07-26,IPPM,1,3,Honey,9,Male,0,13:1,14
Wooster,Post,2024-07-26,IPPM,1,3,Sweat,2,Male,0,13:1,14
Wooster,Post,2024-07-26,IPPM,1,3,Honey,6,Male,0,13:1,14
Wooster,Post,2024-07-26,IPPM,1,3,Honey,18,Male,0,13:1,14
Wooster,Post,2024-07-26,IPPM,1,3,Longhorn,23,Male,0,13:1,14
Wooster,Post,2024-07-26,IPPM,1,3,Sweat,2,Male,0,13:1,14
Wooster,Post,2024-07-26,IPPM,1,3,Longhorn,6,Male,0,13:1,14
Wooster,Post,2024-07-26,IPPM,2,3,Green Metallic Sweat,31,Male,0,23:2,25
Wooster,Post,2024-07-26,IPPM,2,3,Honey,23,Both,1,23:2,25
Wooster,Post,2024-07-26,IPPM,2,3,Honey,117,Both,1,23:2,25
Wooster,Post,2024-07-26,IPPM,2,3,Honey,7,Male,0,23:2,25
Wooster,Post,2024-07-26,IPPM,2,3,Honey,14,Male,0,23:2,25
Wooster,Post,2024-07-26,IPPM,2,3,Honey,4,Male,0,23:2,25
Wooster,Post,2024-07-26,IPPM,3,2,Sweat,59,Male,0,16:1,17
Wooster,Post,2024-07-26,IPPM,3,2,Honey,4,Male,0,16:1,17
Wooster,Post,2024-07-26,IPPM,3,2,Honey,9,Male,0,16:1,17
Wooster,Post,2024-07-26,IPPM,3,2,Honey,49,Male,0,16:1,17
Wooster,Post,2024-07-26,IPPM,3,2,Honey,9,Male,0,16:1,17
Wooster,Post,2024-07-26,IPPM,3,2,Honey,2,Male,0,16:1,17
Wooster,Post,2024-07-26,IPPM,4,2,Honey,3,Male,0,20:1,21
Wooster,Post,2024-07-26,IPPM,4,2,Honey,5,Male,0,20:1,21
Wooster,Post,2024-07-26,IPPM,4,2,Honey,12,Male,0,20:1,21
Wooster,Post,2024-07-26,IPPM,4,2,Honey,14,Male,0,20:1,21
Wooster,Post,2024-07-26,IPPM,4,2,Honey,42,Male,0,20:1,21
Wooster,Post,2024-07-26,IPPM,3,3,Honey,12,Both,0,22:5,27
Wooster,Post,2024-07-26,IPPM,3,3,Honey,31,Both,0,22:5,27
Wooster,Post,2024-07-26,IPPM,3,3,Bumble,14,Male,0,22:5,27
Wooster,Post,2024-07-26,IPPM,3,3,Honey,15,Male,0,22:5,27
Wooster,Post,2024-07-26,IPPM,3,3,Bumble,4,Male,0,22:5,27
Wooster,Post,2024-07-26,IPPM,3,3,Honey,38,Male,0,22:5,27
Wooster,Post,2024-07-26,IPPM,4,3,Honey,21,Male,0,7:1,16
Wooster,Post,2024-07-26,IPPM,4,3,Honey,24,Male,0,7:1,16
Wooster,Post,2024-07-26,IPPM,4,3,Honey,19,Male,0,7:1,16
Wooster,Post,2024-07-26,IPPM,4,3,Honey,37,Both,1,7:1,16
Wooster,Post,2024-07-26,IPPM,4,3,Sweat,240,Male,0,7:1,16
Wooster,Post,2024-07-26,IPPM,4,4,Honey,37,Both,1,NA,NA
Wooster,Post,2024-07-26,IPPM,4,4,Honey,8,Male,0,NA,NA
Wooster,Post,2024-07-26,IPPM,4,4,Honey,42,Both,1,NA,NA
Wooster,Post,2024-07-26,IPPM,4,4,Honey,9,Male,0,NA,NA
Wooster,Post,2024-07-26,IPPM,4,4,Honey,10,Male,0,NA,NA
Wooster,Post,2024-07-26,IPPM,4,4,Honey,19,Male,0,NA,NA
Wooster,Post,2024-07-26,IPPM,4,4,Honey,5,Male,0,NA,NA
Wooster,Post,2024-07-26,IPPM,3,4,Honey,33,Male,0,10:3,26
Wooster,Post,2024-07-26,IPPM,3,4,Honey,4,Female,0,10:3,26
Wooster,Post,2024-07-26,IPPM,3,4,Honey,6,Male,0,10:3,26
Wooster,Post,2024-07-26,IPPM,3,4,Honey,3,Male,0,10:3,26
Wooster,Post,2024-07-26,IPPM,3,4,Honey,44,Both,1,10:3,26
Wooster,Post,2024-07-26,IPPM,3,4,Honey,3,Male,0,10:3,26
Wooster,Post,2024-07-26,IPPM,3,4,Honey,6,Both,1,10:3,26
Wooster,Post,2024-07-26,IPPM,3,4,Honey,46,Both,0,10:3,26
Wooster,Post,2024-07-26,IPPM,3,4,Honey,15,Male,0,10:3,26
Wooster,Post,2024-07-26,IPPM,2,4,Sweat,150,Female,0,6:1,21
Wooster,Post,2024-07-26,IPPM,2,4,Honey,3,Male,0,6:1,21
Wooster,Post,2024-07-26,IPPM,2,4,Honey,2,Male,0,6:1,21
Wooster,Post,2024-07-26,IPPM,2,4,Sweat,120,Male,0,6:1,21
Wooster,Post,2024-07-26,IPPM,2,4,Honey,35,Both,1,6:1,21
Wooster,Post,2024-07-26,IPPM,2,4,Longhorn,26,Male,0,6:1,21
Wooster,Post,2024-07-26,IPPM,2,4,Honey,17,Both,1,6:1,21
Wooster,Post,2024-07-26,IPPM,1,4,Honey,39,Male,0,17:1,18
Wooster,Post,2024-07-26,IPPM,1,4,Honey,5,Male,0,17:1,18
Wooster,Post,2024-07-26,IPPM,1,4,Honey,42,Male,0,17:1,18
Wooster,Post,2024-07-26,IPPM,1,4,Honey,3,Male,0,17:1,18
Wooster,Post,2024-07-26,IPPM,1,4,Longhorn,11,Male,0,17:1,18
Wooster,Post,2024-07-26,IPPM,1,4,Honey,8,Male,0,17:1,18
Wooster,Post,2024-07-26,IPPM,1,4,Honey,28,Both,1,17:1,18
Wooster,Post,2024-07-26,IPPM,1,4,Honey,9,Female,0,17:1,18
Wooster,Post,2024-07-26,Conventional,1,1,Honey,21,Male,0,7:2,9
Wooster,Post,2024-07-26,Conventional,1,1,Sweat,6,Both,1,7:2,9
Wooster,Post,2024-07-26,Conventional,2,1,Bumble,2,None,0,4:3,14
Wooster,Post,2024-07-26,Conventional,3,1,Honey,33,Both,1,4:1,10
Wooster,Post,2024-07-26,Conventional,3,2,Honey,11,Male,0,16:1,17
Wooster,Post,2024-07-26,Conventional,3,2,Bumble,11,Male,0,16:1,17
Wooster,Post,2024-07-26,Conventional,2,2,Longhorn,1,Male,0,11:1,22
Wooster,Post,2024-07-26,Conventional,2,2,Honey,23,Both,0,11:1,22
Wooster,Post,2024-07-26,Conventional,2,2,Honey,20,Both,0,11:1,22
Wooster,Post,2024-07-26,Conventional,4,1,Honey,6,Both,0,11:3,14
Wooster,Post,2024-07-26,Conventional,4,1,Squash,6,Female,0,11:3,14
Wooster,Post,2024-07-26,Conventional,4,2,Honey,25,Both,1,15:2,17
Wooster,Post,2024-07-26,Conventional,1,2,Honey,13,Both,1,16:3,19
Wooster,Post,2024-07-26,Conventional,1,2,Bumble,9,Both,0,16:3,19
Wooster,Post,2024-07-26,Conventional,1,2,Honey,48,Both,1,16:3,19
Wooster,Post,2024-07-26,Conventional,1,3,Honey,2,Male,0,9:1,10
Wooster,Post,2024-07-26,Conventional,2,2,Bumble,5,Male,0,27:1,28
Wooster,Post,2024-07-26,Conventional,2,2,Bumble,5,Male,0,27:1,28
Wooster,Post,2024-07-26,Conventional,2,2,Bumble,4,Male,0,27:1,28
Wooster,Post,2024-07-26,Conventional,1,4,Honey,55,Both,1,9:1,20
Wooster,Post,2024-07-26,Conventional,1,4,Honey,15,Both,1,9:1,20
Wooster,Post,2024-07-26,Conventional,1,4,Sweat,2,Male,0,9:1,20
Wooster,Post,2024-07-26,Conventional,4,4,Honey,15,Both,1,29:4,33
Wooster,Post,2024-07-26,Conventional,4,4,Honey,3,Male,0,29:4,33
Wooster,Post,2024-07-26,Conventional,4,4,Honey,25,Male,0,29:4,33
Wooster,Post,2024-07-26,Conventional,4,4,Honey,14,Both,1,29:4,33
Wooster,Post,2024-07-26,Conventional,4,4,Honey,47,Both,1,29:4,33
Wooster,Post,2024-07-26,Conventional,4,3,Honey,8,Male,0,37:2,39
Wooster,Post,2024-07-26,Conventional,4,3,Honey,11,Male,0,37:2,39
Wooster,Post,2024-07-26,Conventional,4,3,Honey,8,Both,0,37:2,39
Wooster,Post,2024-07-26,Conventional,4,3,Honey,18,Male,0,37:2,39
Wooster,Post,2024-07-26,Conventional,4,3,Bumble,5,Male,0,37:2,39
Wooster,Post,2024-07-26,Conventional,4,3,Bumble,3,Male,0,37:2,39
Wooster,Post,2024-07-26,Conventional,4,3,Honey,12,Male,0,37:2,39
Wooster,Post,2024-07-26,Conventional,4,3,Honey,2,Male,0,37:2,39
Wooster,Post,2024-07-26,Conventional,4,3,Honey,18,Male,0,37:2,39
Wooster,Post,2024-07-26,Conventional,4,3,Honey,4,Male,0,37:2,39
Wooster,Post,2024-07-26,Conventional,4,3,Honey,67,Male,0,37:2,39
Wooster,Post,2024-07-26,Conventional,2,3,Honey,30,Male,0,NA,NA
Wooster,Post,2024-07-26,Conventional,2,3,Longhorn,7,Male,0,NA,NA
Wooster,Post,2024-07-26,Conventional,2,3,Bumble,5,Male,0,NA,NA
Wooster,Post,2024-07-26,Conventional,2,3,Bumble,57,Both,1,NA,NA
Wooster,Post,2024-07-26,Conventional,3,3,Sweat,5,Male,0,3:2,10
Wooster,Post,2024-07-26,Conventional,3,3,Honey,17,Both,0,13:1,28
Wooster,Post,2024-07-26,Conventional,3,3,Bumble,103,Both,1,13:1,28
Wooster,Post,2024-07-26,Conventional,2,4,Honey,4,Male,0,3:1,16
Wooster,Post,2024-07-26,Conventional,2,4,Honey,47,Both,1,3:1,16
Wooster,Post,2024-07-26,Conventional,3,4,Sweat,5,Male,0,3:1,10
Wooster,Post,2024-07-26,Conventional,2,4,Honey,2,Male,0,3:1,16
Western,Pre,2024-07-15,IPPM,1,1,Honey,125,Male,0,9:1,NA
Western,Pre,2024-07-15,IPPM,1,1,Squash,25,Male,0,9:1,NA
Western,Pre,2024-07-15,IPPM,1,2,Sweat,10,Male,0,14:0,NA
Western,Pre,2024-07-15,IPPM,1,2,Green Metallic Sweat,121,Male,0,14:0,NA
Western,Pre,2024-07-15,IPPM,1,2,Honey,2,Male,0,14:0,NA
Western,Pre,2024-07-15,IPPM,1,2,Sweat,40,Male,0,14:0,NA
Western,Pre,2024-07-15,IPPM,1,2,Honey,5,Male,0,14:0,NA
Western,Pre,2024-07-15,IPPM,2,1,Honey,1,None,0,3:1,NA
Western,Pre,2024-07-15,IPPM,2,1,Honey,48,Both,1,3:1,NA
Western,Pre,2024-07-15,IPPM,2,1,Honey,1,None,0,3:1,NA
Western,Pre,2024-07-15,IPPM,2,1,Honey,14,Male,0,3:1,NA
Western,Pre,2024-07-15,IPPM,4,1,Sweat,26,Both,1,8:3,NA
Western,Pre,2024-07-15,IPPM,4,1,Sweat,5,Male,0,8:3,NA
Western,Pre,2024-07-15,IPPM,4,2,Sweat,39,Male,0,7:2,NA
Western,Pre,2024-07-15,IPPM,3,1,Sweat,40,Both,0,6:1,NA
Western,Pre,2024-07-15,IPPM,3,1,Sweat,4,Male,0,6:1,NA
Western,Pre,2024-07-15,IPPM,2,2,Sweat,39,Male,0,8:3,NA
Western,Pre,2024-07-15,IPPM,1,3,Sweat,9,Male,0,6:1,NA
Western,Pre,2024-07-15,IPPM,1,4,Honey,196,Male,0,5:1,NA
Western,Pre,2024-07-15,IPPM,1,4,Longhorn,3,Male,0,5:1,NA
Western,Pre,2024-07-15,IPPM,1,4,Green Metallic Sweat,2,Female,0,5:1,NA
Western,Pre,2024-07-15,IPPM,3,3,Sweat,20,Male,0,5:2,NA
Western,Pre,2024-07-15,IPPM,4,4,Bumble,10,None,0,8:1,NA
Western,Pre,2024-07-15,IPPM,4,4,Sweat,14,Male,0,8:1,NA
Western,Pre,2024-07-15,IPPM,4,3,Honey,13,Both,0,10:3,NA
Western,Pre,2024-07-15,IPPM,4,3,Honey,3,Female,0,10:3,NA
Western,Pre,2024-07-15,IPPM,4,3,Honey,28,Both,1,10:3,NA
Western,Pre,2024-07-15,IPPM,4,3,Honey,10,Male,0,10:3,NA
Western,Pre,2024-07-15,IPPM,4,3,Honey,3,Male,0,10:3,NA
Western,Pre,2024-07-15,IPPM,3,2,Sweat,111,None,0,4:1,NA
Western,Pre,2024-07-15,IPPM,3,2,Sweat,10,Male,0,4:1,NA
Western,Pre,2024-07-15,IPPM,2,3,Sweat,3,Female,0,2:1,NA
Western,Pre,2024-07-15,Conventional,1,1,Sweat,13,Male,0,8:1,NA
Western,Pre,2024-07-15,Conventional,3,1,Honey,109,Both,1,9:2,NA
Western,Pre,2024-07-15,Conventional,3,1,Honey,2,Male,0,9:2,NA
Western,Pre,2024-07-15,Conventional,4,4,Honey,19,Both,1,9:1,NA
Western,Pre,2024-07-15,Conventional,4,4,Honey,24,Male,0,9:1,NA
Western,Pre,2024-07-15,Conventional,4,4,Honey,1,None,0,9:1,NA
Western,Pre,2024-07-15,Conventional,4,3,Sweat,46,Male,0,4:1,NA
Western,Pre,2024-07-15,Conventional,4,3,Honey,40,Both,0,4:1,NA
Western,Pre,2024-07-15,Conventional,2,1,Honey,51,Both,1,4:1,NA
Western,Pre,2024-07-15,Conventional,2,1,Sweat,159,None,0,4:1,NA
Western,Pre,2024-07-15,Conventional,3,3,Sweat,29,Female,0,7:5,NA
Western,Pre,2024-07-15,Conventional,3,3,Green Metallic Sweat,5,Male,0,7:5,NA
Western,Pre,2024-07-15,Conventional,1,2,Honey,4,Male,0,5:2,NA
Western,Pre,2024-07-15,Conventional,1,2,Honey,30,Male,0,5:2,NA
Western,Pre,2024-07-15,Conventional,2,2,Honey,15,Both,1,7:2,NA
Western,Pre,2024-07-15,Conventional,2,2,Sweat,5,Male,0,7:2,NA
Western,Pre,2024-07-15,Conventional,1,3,Sweat,3,Male,0,4:1,NA
Western,Pre,2024-07-15,Conventional,3,2,Sweat,16,Both,1,5:1,NA
Western,Pre,2024-07-15,Conventional,3,2,Sweat,16,None,0,5:1,NA
Western,Pre,2024-07-15,Conventional,4,2,Sweat,5,None,0,12:1,NA
Western,Pre,2024-07-15,Conventional,4,2,Sweat,3,None,0,12:1,NA
Western,Pre,2024-07-15,Conventional,4,2,Sweat,2,Male,0,12:1,NA
Western,Pre,2024-07-15,Conventional,4,1,Sweat,66,Male,0,8:3,NA
Western,Pre,2024-07-15,Conventional,2,3,Sweat,142,Both,0,7:2,NA
Western,Pre,2024-07-15,Conventional,2,3,Sweat,15,Female,0,7:2,NA
Western,Pre,2024-07-30,Conventional,1,1,Longhorn,26,Male,0,6:1,14
Western,Pre,2024-07-30,Conventional,1,1,Sweat,100,Both,1,6:1,14
Western,Pre,2024-07-30,Conventional,1,1,Honey,10,Male,0,6:1,14
Western,Pre,2024-07-30,Conventional,1,1,Honey,15,Male,0,6:1,14
Western,Pre,2024-07-30,Conventional,1,1,Honey,20,Male,0,6:1,14
Western,Pre,2024-07-30,Conventional,2,1,Honey,18,Both,1,7:1,16
Western,Pre,2024-07-30,Conventional,2,1,Sweat,1,Male,0,7:1,16
Western,Pre,2024-07-30,Conventional,2,1,Sweat,1,Male,0,7:1,16
Western,Pre,2024-07-30,Conventional,2,1,Honey,5,Male,0,7:1,16
Western,Pre,2024-07-30,Conventional,2,1,Honey,4,Male,0,7:1,16
Western,Pre,2024-07-30,Conventional,2,1,Longhorn,3,Male,0,7:1,16
Western,Pre,2024-07-30,Conventional,3,1,Honey,36,Both,1,15:2,17
Western,Pre,2024-07-30,Conventional,3,1,Honey,5,Male,0,15:2,17
Western,Pre,2024-07-30,Conventional,3,1,Sweat,5,Male,0,15:2,17
Western,Pre,2024-07-30,Conventional,3,1,Honey,8,Male,0,15:2,17
Western,Pre,2024-07-30,Conventional,3,1,Sweat,62,Male,0,15:2,17
Western,Pre,2024-07-30,Conventional,3,1,Honey,5,Female,0,15:2,17
Western,Pre,2024-07-30,Conventional,3,1,Sweat,2,Male,0,15:2,17
Western,Pre,2024-07-30,Conventional,4,1,Honey,3,Female,0,7:3,20
Western,Pre,2024-07-30,Conventional,4,1,Sweat,80,Male,0,7:3,20
Western,Pre,2024-07-30,Conventional,4,1,Honey,34,Male,0,7:3,20
Western,Pre,2024-07-30,Conventional,4,1,Sweat,24,Male,0,7:3,20
Western,Pre,2024-07-30,Conventional,4,1,Sweat,24,Female,0,7:3,20
Western,Pre,2024-07-30,Conventional,4,1,Sweat,44,Male,0,7:3,20
Western,Pre,2024-07-30,Conventional,4,1,Honey,24,Both,1,7:3,20
Western,Pre,2024-07-30,Conventional,4,1,Honey,16,Both,1,7:3,20
Western,Pre,2024-07-30,Conventional,4,2,Honey,10,Male,0,9:2,22
Western,Pre,2024-07-30,Conventional,4,2,Sweat,75,Male,0,9:2,22
Western,Pre,2024-07-30,Conventional,4,2,Honey,4,Male,0,9:2,22
Western,Pre,2024-07-30,Conventional,4,2,Green Metallic Sweat,4,Female,0,9:2,22
Western,Pre,2024-07-30,Conventional,4,2,Honey,29,Both,1,9:2,22
Western,Pre,2024-07-30,Conventional,4,2,Honey,22,Both,1,9:2,22
Western,Pre,2024-07-30,Conventional,3,2,Honey,74,Both,1,20:3,23
Western,Pre,2024-07-30,Conventional,3,2,Sweat,34,Male,0,20:3,23
Western,Pre,2024-07-30,Conventional,3,2,Honey,15,Both,1,20:3,23
Western,Pre,2024-07-30,Conventional,3,2,Honey,12,Male,0,20:3,23
Western,Pre,2024-07-30,Conventional,3,2,Sweat,45,Male,0,20:3,23
Western,Pre,2024-07-30,Conventional,3,2,Sweat,43,Male,0,20:3,23
Western,Pre,2024-07-30,Conventional,2,2,Honey,29,Both,0,14:3,17
Western,Pre,2024-07-30,Conventional,2,2,Sweat,14,Male,0,14:3,17
Western,Pre,2024-07-30,Conventional,2,2,Sweat,62,Male,0,14:3,17
Western,Pre,2024-07-30,Conventional,2,2,Honey,4,Female,0,14:3,17
Western,Pre,2024-07-30,Conventional,2,2,Honey,5,Both,0,14:3,17
Western,Pre,2024-07-30,Conventional,2,2,Honey,10,Both,1,14:3,17
Western,Pre,2024-07-30,Conventional,2,2,Honey,3,Male,0,14:3,17
Western,Pre,2024-07-30,Conventional,2,2,Honey,35,Both,1,14:3,17
Western,Pre,2024-07-30,Conventional,1,2,Honey,13,Both,1,10:1,11
Western,Pre,2024-07-30,Conventional,4,3,Honey,6.36,Female,0,5:3,26
Western,Pre,2024-07-30,Conventional,4,3,Honey,21.04,Both,1,5:3,26
Western,Pre,2024-07-30,Conventional,4,3,Honey,11.87,Male,0,5:3,26
Western,Pre,2024-07-30,Conventional,4,3,Squash,50.28,Both,1,5:3,26
Western,Pre,2024-07-30,Conventional,4,3,Striped Sweat,23.18,Female,0,5:3,26
Western,Pre,2024-07-30,Conventional,4,3,Honey,5.8,Female,0,5:3,26
Western,Pre,2024-07-30,Conventional,4,3,Squash,17.3,Both,1,5:3,26
Western,Pre,2024-07-30,Conventional,4,3,Honey,3.97,Male,0,5:3,26
Western,Pre,2024-07-30,Conventional,1,3,Honey,11.28,Male,0,9:1,19
Western,Pre,2024-07-30,Conventional,2,3,Longhorn,7.05,Female,0,4:1,28
Western,Pre,2024-07-30,Conventional,2,3,Honey,20.14,Both,1,4:1,28
Western,Pre,2024-07-30,Conventional,2,3,Honey,49.67,Both,1,4:1,28
Western,Pre,2024-07-30,Conventional,3,3,Honey,38.4,Both,1,3:1,21
Western,Pre,2024-07-30,Conventional,3,3,Honey,12.44,Male,0,3:1,21
Western,Pre,2024-07-30,Conventional,3,3,Green Metallic Sweat,11.09,Male,0,3:1,21
Western,Pre,2024-07-30,Conventional,3,3,Striped Sweat,13.66,Female,0,3:1,21
Western,Pre,2024-07-30,Conventional,3,3,Striped Sweat,15.22,Male,0,3:1,21
Western,Pre,2024-07-30,Conventional,3,3,Honey,21.77,Male,0,3:1,21
Western,Pre,2024-07-30,Conventional,3,3,Honey,14.32,Both,1,3:1,21
Western,Pre,2024-07-30,Conventional,4,4,Honey,11.07,Both,1,3:1,30
Western,Pre,2024-07-30,Conventional,4,4,Squash,15.95,Both,1,3:1,30
Western,Pre,2024-07-30,Conventional,4,4,Honey,3.22,Male,0,3:1,30
Western,Pre,2024-07-30,Conventional,4,4,Honey,12.47,Female,0,3:1,30
Western,Pre,2024-07-30,Conventional,4,4,Honey,14.76,Both,1,3:1,30
Western,Pre,2024-07-30,Conventional,4,4,Honey,14.56,Male,0,3:1,30
Western,Pre,2024-07-30,Conventional,4,4,Squash,15.53,Both,1,3:1,30
Western,Pre,2024-07-30,Conventional,3,4,Honey,7.32,Female,0,3:2,32
Western,Pre,2024-07-30,Conventional,3,4,Honey,23.08,Both,1,3:2,32
Western,Pre,2024-07-30,Conventional,3,4,Honey,36.02,Male,0,3:2,32
Western,Pre,2024-07-30,Conventional,3,4,Squash,14.63,Both,1,3:2,32
Western,Pre,2024-07-30,Conventional,3,4,Honey,18.22,Both,1,3:2,32
Western,Pre,2024-07-30,Conventional,3,4,Honey,25.97,Male,0,3:2,32
Western,Pre,2024-07-30,Conventional,3,4,Longhorn,5.06,Female,0,3:2,32
Western,Pre,2024-07-30,Conventional,3,4,Squash,8.24,Female,0,3:2,32
Western,Pre,2024-07-30,Conventional,3,4,Honey,14.21,Both,1,3:2,32
Western,Pre,2024-07-30,Conventional,3,4,Squash,17.84,Both,1,3:2,32
Western,Pre,2024-07-30,Conventional,2,4,Honey,46.06,NA,1,11:3,28
Western,Pre,2024-07-30,Conventional,2,4,Honey,13.79,Male,0,11:3,28
Western,Pre,2024-07-30,Conventional,2,4,Honey,30.25,NA,1,11:3,28
Western,Pre,2024-07-30,Conventional,2,4,Honey,11.58,Male,0,11:3,28
Western,Pre,2024-07-30,Conventional,2,4,Honey,28.75,NA,1,11:3,28
Western,Pre,2024-07-30,Conventional,2,4,Honey,15.5,Male,0,11:3,28
Western,Pre,2024-07-30,Conventional,2,4,Squash,12.88,NA,1,11:3,28
Western,Pre,2024-07-30,Conventional,2,4,Honey,11.1,Female,0,11:3,28
Western,Pre,2024-07-30,Conventional,2,4,Honey,15.88,NA,1,11:3,28
Western,Pre,2024-07-30,Conventional,2,4,Honey,12.79,NA,NA,11:3,28
Western,Pre,2024-07-30,Conventional,2,4,Honey,4.3,NA,NA,11:3,28
Western,Pre,2024-07-30,Conventional,1,4,Honey,19.94,NA,1,5:1,24
Western,Pre,2024-07-30,Conventional,1,4,Honey,11.5,Male,0,5:1,24
Western,Pre,2024-07-30,Conventional,1,4,Honey,33.56,Male,0,5:1,24
Western,Pre,2024-07-30,Conventional,1,4,Squash,8.06,Female,0,5:1,24
Western,Pre,2024-07-30,IPPM,1,1,Longhorn,20.7,Both,1,3:1,18
Western,Pre,2024-07-30,IPPM,1,1,Longhorn,7.32,Male,0,3:1,18
Western,Pre,2024-07-30,IPPM,1,1,Honey,21.36,Both,1,3:1,18
Western,Pre,2024-07-30,IPPM,2,2,Longhorn,52.97,Both,1,5:2,36
Western,Pre,2024-07-30,IPPM,2,2,Honey,16.65,Female,0,5:2,36
Western,Pre,2024-07-30,IPPM,2,2,Honey,37.99,Both,1,5:2,36
Western,Pre,2024-07-30,IPPM,2,2,Longhorn,6.49,Male,0,5:2,36
Western,Pre,2024-07-30,IPPM,3,1,Honey,13,Male,0,3:2,35
Western,Pre,2024-07-30,IPPM,3,1,Honey,18.6,Male,0,3:2,35
Western,Pre,2024-07-30,IPPM,3,1,Honey,36.89,Both,1,3:2,35
Western,Pre,2024-07-30,IPPM,4,4,Honey,23.29,Both,1,NA,23
Western,Pre,2024-07-30,IPPM,4,4,Longhorn,60.76,Both,1,NA,23
Western,Pre,2024-07-30,IPPM,4,4,Honey,24.27,Both,1,NA,23
Western,Pre,2024-07-30,IPPM,4,4,Honey,17.36,Female,0,NA,23
Western,Pre,2024-07-30,IPPM,4,4,Longhorn,13.22,Male,0,NA,23
Western,Pre,2024-07-30,IPPM,4,4,Longhorn,12.26,NA,NA,NA,23
Western,Pre,2024-07-30,IPPM,4,1,Honey,50.83,Both,1,5:2,48
Western,Pre,2024-07-30,IPPM,4,1,Longhorn,15.61,Male,0,5:2,48
Western,Pre,2024-07-30,IPPM,3,2,Honey,NA,Female,0,3:2,38
Western,Pre,2024-07-30,IPPM,3,2,Honey,9.86,Male,0,3:2,38
Western,Pre,2024-07-30,IPPM,3,2,Honey,36.48,Both,1,3:2,38
Western,Pre,2024-07-30,IPPM,3,2,Green Metallic Sweat,13.41,Male,0,3:2,38
Western,Pre,2024-07-30,IPPM,3,2,Longhorn,16.33,Both,1,3:2,38
Western,Pre,2024-07-30,IPPM,3,2,Honey,17.61,Male,0,3:2,38
Western,Pre,2024-07-30,IPPM,3,2,Honey,9.41,Male,0,3:2,38
Western,Pre,2024-07-30,IPPM,3,2,Squash,7.73,Female,0,3:2,38
Western,Pre,2024-07-30,IPPM,2,2,Honey,26.32,Both,1,3:1,32
Western,Pre,2024-07-30,IPPM,2,2,Honey,28.59,Both,1,3:1,32
Western,Pre,2024-07-30,IPPM,1,2,Striped Sweat,30.67,Male,0,NA,15
Western,Pre,2024-07-30,IPPM,1,3,Sweat,2,Male,0,8:0,8
Western,Pre,2024-07-30,IPPM,1,3,Striped Sweat,3,Male,0,8:0,8
Western,Pre,2024-07-30,IPPM,2,3,Green Metallic Sweat,86,Both,1,7:2,9
Western,Pre,2024-07-30,IPPM,3,3,Striped Sweat,19,Female,0,11:6,17
Western,Pre,2024-07-30,IPPM,3,3,Honey,18,Both,1,11:6,17
Western,Pre,2024-07-30,IPPM,3,3,Green Metallic Sweat,33,Male,0,11:6,17
Western,Pre,2024-07-30,IPPM,4,2,Honey,3,Male,0,13:2,15
Western,Pre,2024-07-30,IPPM,4,3,Honey,8,Female,0,8:1,18
Western,Pre,2024-07-30,IPPM,4,3,Honey,2,Male,0,8:1,18
Western,Pre,2024-07-30,IPPM,4,3,Sweat,3,Male,0,8:1,18
Western,Pre,2024-07-30,IPPM,3,4,Striped Sweat,35,Female,0,3:1,16
Western,Pre,2024-07-30,IPPM,3,4,Sweat,81,Both,1,3:1,16
Western,Pre,2024-07-30,IPPM,2,4,Longhorn,4,Both,0,13:2,15
Western,Pre,2024-07-30,IPPM,2,4,Sweat,17,Male,0,13:2,15
Western,Pre,2024-07-30,IPPM,2,4,Sweat,12,Male,0,13:2,15
Western,Pre,2024-07-30,IPPM,1,4,Sweat,79,Male,0,7:2,9
Western,Pre,2024-07-30,IPPM,1,4,Sweat,10,Male,0,7:2,9
Western,Pre,2024-07-30,IPPM,1,4,Sweat,20,Female,0,7:2,9
Western,Pre,2024-07-30,IPPM,1,4,Sweat,2,Male,0,7:2,9
Western,Pre,2024-08-05,IPPM,1,1,Striped Sweat,70,Male,0,4:1,10
Western,Pre,2024-08-05,IPPM,1,2,Bumble,17,Both,1,5:2,7
Western,Pre,2024-08-05,IPPM,1,2,Sweat,1,Male,0,5:2,7
Western,Pre,2024-08-05,IPPM,2,1,Sweat,17,Male,0,7:1,8
Western,Pre,2024-08-05,IPPM,2,1,Squash,3,Male,0,7:1,8
Western,Pre,2024-08-05,IPPM,3,1,Striped Sweat,10,Male,0,6:1,21
Western,Pre,2024-08-05,IPPM,3,1,Longhorn,11,Male,0,6:1,21
Western,Pre,2024-08-05,IPPM,3,1,Longhorn,14,Male,0,6:1,21
Western,Pre,2024-08-05,IPPM,4,1,Longhorn,24,Both,1,6:5,11
Western,Pre,2024-08-05,IPPM,4,1,Sweat,10,Female,0,6:5,11
Western,Pre,2024-08-05,IPPM,4,2,Longhorn,4,Male,0,3:1,16
Western,Pre,2024-08-05,IPPM,3,2,Green Metallic Sweat,53,Male,0,4:1,15
Western,Pre,2024-08-05,IPPM,3,2,Squash,5,Female,0,4:1,15
Western,Pre,2024-08-05,IPPM,3,2,Striped Sweat,19,Both,1,4:1,15
Western,Pre,2024-08-05,IPPM,2,2,Squash,5,Male,0,3:1,12
Western,Pre,2024-08-05,IPPM,2,2,Squash,3,Male,0,3:1,12
Western,Pre,2024-08-05,IPPM,2,2,Sweat,3,Male,0,3:1,12
Western,Pre,2024-08-05,IPPM,2,3,Honey,29.62,Both,1,12:5,17
Western,Pre,2024-08-05,IPPM,3,3,Honey,24.6,Both,1,15:9,24
Western,Pre,2024-08-05,IPPM,3,3,Longhorn,11.83,Male,0,15:9,24
Western,Pre,2024-08-05,IPPM,4,3,Bumble,5.46,Male,0,18:5,23
Western,Pre,2024-08-05,IPPM,2,4,Bumble,18.63,Both,1,10:3,13
Western,Pre,2024-08-05,IPPM,2,4,Bumble,14.95,Both,1,10:3,13
Western,Pre,2024-08-05,Conventional,2,2,Honey,55.97,Both,1,9:4,26
Western,Pre,2024-08-05,Conventional,2,2,Honey,36.21,Both,1,9:4,26
Western,Pre,2024-08-05,Conventional,2,2,Honey,15.92,Female,0,9:4,26
Western,Pre,2024-08-05,Conventional,2,2,Honey,21.3,Both,1,9:4,26
Western,Pre,2024-08-05,Conventional,2,2,Honey,15.6,Both,1,9:4,26
Western,Pre,2024-08-05,Conventional,2,2,Squash,22.68,Both,1,9:4,26
Western,Pre,2024-08-05,Conventional,2,2,Honey,5.9,Female,0,9:4,26
Western,Pre,2024-08-05,Conventional,2,2,Honey,32.6,Both,1,9:4,26
Western,Pre,2024-08-05,Conventional,2,2,Honey,15.7,Male,0,9:4,26
Western,Pre,2024-08-05,Conventional,2,2,Honey,48.6,Both,1,9:4,26
Western,Pre,2024-08-05,Conventional,1,2,Honey,8.9,Male,0,4:1,8
Western,Pre,2024-08-05,Conventional,1,2,Honey,15.73,Male,0,4:1,8
Western,Pre,2024-08-05,Conventional,1,2,Bumble,5.61,Male,0,4:1,8
Western,Pre,2024-08-05,Conventional,1,2,Squash,3.66,Male,0,4:1,8
Western,Pre,2024-08-05,Conventional,1,2,Honey,6.88,Female,0,4:1,8
Western,Pre,2024-08-05,Conventional,1,3,Sweat,43,Male,0,6:1,7
Western,Pre,2024-08-05,Conventional,1,3,Sweat,27,Female,0,6:1,7
Western,Pre,2024-08-05,Conventional,1,3,Honey,5,Male,0,6:1,7
Western,Pre,2024-08-05,Conventional,2,3,Honey,3,Male,0,10:3,13
Western,Pre,2024-08-05,Conventional,2,3,Honey,22,Both,1,10:3,13
Western,Pre,2024-08-05,Conventional,2,3,Sweat,32,Both,0,10:3,13
Western,Pre,2024-08-05,Conventional,2,3,Honey,5,Male,0,10:3,13
Western,Pre,2024-08-05,Conventional,2,3,Honey,31,Both,1,10:3,13
Western,Pre,2024-08-05,Conventional,2,3,Honey,17,Both,0,10:3,13
Western,Pre,2024-08-05,Conventional,3,3,Sweat,22,Male,0,15:1,16
Western,Pre,2024-08-05,Conventional,3,3,Honey,5,Male,0,15:1,16
Western,Pre,2024-08-05,Conventional,3,3,Honey,13,Male,0,15:1,16
Western,Pre,2024-08-05,Conventional,3,3,Honey,49,Both,1,15:1,16
Western,Pre,2024-08-05,Conventional,3,3,Honey,17,Male,0,15:1,16
Western,Pre,2024-08-05,Conventional,4,3,Honey,11,Female,0,9:7,16
Western,Pre,2024-08-05,Conventional,4,3,Sweat,10,Female,0,9:7,16
Western,Pre,2024-08-05,Conventional,4,3,Honey,33,Both,1,9:7,16
Western,Pre,2024-08-05,Conventional,4,3,Honey,17,Female,0,9:7,16
Western,Pre,2024-08-05,Conventional,4,3,Honey,23,Male,0,9:7,16
Western,Pre,2024-08-05,Conventional,4,3,Honey,9,Female,0,9:7,16
Western,Pre,2024-08-05,Conventional,4,3,Honey,6,Male,0,9:7,16
Western,Pre,2024-08-05,Conventional,4,3,Sweat,6,Male,0,9:7,16
Western,Pre,2024-08-05,Conventional,4,3,Honey,11,Both,1,9:7,16
Western,Pre,2024-08-05,Conventional,4,3,Longhorn,3,Both,1,9:7,16
Western,Pre,2024-08-05,Conventional,4,3,Green Metallic Sweat,42,Male,0,9:7,16
Western,Pre,2024-08-05,Conventional,4,3,Honey,3,Male,0,9:7,16
Western,Pre,2024-08-05,Conventional,4,3,Honey,25,Both,1,9:7,16
Western,Pre,2024-08-05,Conventional,4,4,Striped Sweat,66,Male,0,11:3,14
Western,Pre,2024-08-05,Conventional,4,4,Sweat,11,Female,0,11:3,14
Western,Pre,2024-08-05,Conventional,4,4,Honey,49,Male,0,11:3,14
Western,Pre,2024-08-05,Conventional,3,4,Honey,1,Male,0,9:2,11
Western,Pre,2024-08-05,Conventional,3,4,Sweat,23,Male,0,9:2,11
Western,Pre,2024-08-05,Conventional,3,4,Honey,7,Male,0,9:2,11
Western,Pre,2024-08-05,Conventional,3,4,Honey,4,Male,0,9:2,11
Western,Pre,2024-08-05,Conventional,3,4,Sweat,9,Male,0,9:2,11
Western,Pre,2024-08-05,Conventional,3,4,Sweat,40,Male,0,9:2,11
Western,Pre,2024-08-05,Conventional,3,4,Honey,14,Male,0,9:2,11
Western,Pre,2024-08-05,Conventional,2,4,Honey,37,Both,1,9:2,11
Western,Pre,2024-08-05,Conventional,2,4,Honey,28,Both,1,9:2,11
Western,Pre,2024-08-05,Conventional,2,4,Honey,3,Female,0,9:2,11
Western,Pre,2024-08-05,Conventional,2,4,Green Metallic Sweat,12,Male,0,9:2,11
Western,Pre,2024-08-05,Conventional,2,4,Honey,12,Both,0,9:2,11
Western,Pre,2024-08-05,Conventional,1,4,Sweat,12,Male,0,4:1,5
Western,Pre,2024-08-05,Conventional,1,4,Green Metallic Sweat,139,Male,0,4:1,5
Western,Pre,2024-08-05,Conventional,1,4,Honey,1,Male,0,4:1,5
Western,Pre,2024-08-05,Conventional,4,1,Squash,13.79,Male,0,4:1,20
Western,Pre,2024-08-05,Conventional,4,1,Honey,27.23,Both,1,4:1,20
Western,Pre,2024-08-05,Conventional,4,1,Honey,16.99,Both,1,4:1,20
Western,Pre,2024-08-05,Conventional,4,1,Honey,21.11,Male,0,4:1,20
Western,Pre,2024-08-05,Conventional,4,1,Honey,3.81,Male,0,4:1,20
Western,Pre,2024-08-05,Conventional,4,1,Honey,9.73,Male,0,4:1,20
Western,Pre,2024-08-05,Conventional,4,2,Honey,30.96,Both,1,3:1,24
Western,Pre,2024-08-05,Conventional,4,2,Honey,24.2,Both,1,3:1,24
Western,Pre,2024-08-05,Conventional,4,2,Honey,15.12,Male,0,3:1,24
Western,Pre,2024-08-05,Conventional,4,2,Honey,8.91,Male,0,3:1,24
Western,Pre,2024-08-05,Conventional,4,2,Honey,52.71,Both,1,3:1,24
Western,Pre,2024-08-05,Conventional,4,2,Squash,8.63,Male,0,3:1,24
Western,Pre,2024-08-05,Conventional,4,2,Squash,22.68,Male,0,3:1,24
Western,Pre,2024-08-05,Conventional,4,2,Honey,17.8,Male,0,3:1,24
Western,Pre,2024-08-05,Conventional,4,2,Honey,4.58,Male,0,3:1,24
Western,Pre,2024-08-05,Conventional,4,2,Honey,16.71,Both,1,3:1,24
Western,Pre,2024-08-05,Conventional,3,1,Honey,42.75,Both,1,3:1,20
Western,Pre,2024-08-05,Conventional,3,1,Honey,8.5,Male,0,3:1,20
Western,Pre,2024-08-05,Conventional,3,1,Honey,22.48,Male,0,3:1,20
Western,Pre,2024-08-05,Conventional,3,1,Squash,8.27,Male,0,3:1,20
Western,Pre,2024-08-05,Conventional,2,1,Honey,15.73,Male,0,6:1,21
Western,Pre,2024-08-05,Conventional,2,1,Honey,8.12,Male,0,6:1,21
Western,Pre,2024-08-05,Conventional,2,1,Squash,7.25,Male,0,6:1,21
Western,Pre,2024-08-05,Conventional,2,1,Squash,3.73,Male,0,6:1,21
Western,Pre,2024-08-05,Conventional,2,1,Honey,53,Both,1,6:1,21
Western,Pre,2024-08-05,Conventional,2,1,Honey,8.34,Male,0,6:1,21
Western,Pre,2024-08-05,Conventional,1,1,Squash,9.11,Male,0,4:1,5
Western,Pre,2024-08-05,Conventional,1,1,Longhorn,6.73,Male,0,4:1,5
Western,Pre,2024-08-05,Conventional,3,2,Honey,34.51,Both,1,15:8,23
Western,Pre,2024-08-05,Conventional,3,2,Honey,4.46,Male,0,15:8,23
Western,Pre,2024-08-05,Conventional,3,2,Honey,5.48,Male,0,15:8,23
Western,Pre,2024-08-05,Conventional,3,2,Honey,16.84,Male,0,15:8,23
Western,Pre,2024-08-05,Conventional,3,2,Honey,40.13,Both,1,15:8,23
Western,Pre,2024-08-05,Conventional,3,2,Squash,15.95,Male,0,15:8,23
Western,Pre,2024-08-05,Conventional,3,2,Honey,26.23,Both,1,15:8,23
Western,Pre,2024-08-05,Conventional,3,2,Honey,18.76,Both,1,15:8,23
Western,Pre,2024-08-12,IPPM,1,1,Honey,32.15,Both,1,13:4,17
Western,Pre,2024-08-12,IPPM,1,1,Honey,11.92,Male,0,13:4,17
Western,Pre,2024-08-12,IPPM,1,1,Longhorn,9.13,Male,0,13:4,17
Western,Pre,2024-08-12,IPPM,1,1,Honey,10.68,Both,1,13:4,17
Western,Pre,2024-08-12,IPPM,2,1,Honey,42.18,Both,1,3:2,20
Western,Pre,2024-08-12,IPPM,2,1,Honey,17.52,Male,0,3:2,20
Western,Pre,2024-08-12,IPPM,2,1,Squash,11.63,Male,0,3:2,20
Western,Pre,2024-08-12,IPPM,2,1,Longhorn,7.09,Male,0,3:2,20
Western,Pre,2024-08-12,IPPM,3,1,Honey,35.31,Both,1,17:4,21
Western,Pre,2024-08-12,IPPM,3,1,Honey,8.72,Male,0,17:4,21
Western,Pre,2024-08-12,IPPM,3,1,Longhorn,15.13,Both,0,17:4,21
Western,Pre,2024-08-12,IPPM,3,1,Honey,17.68,Both,1,17:4,21
Western,Pre,2024-08-12,IPPM,3,1,Bumble,12.96,Male,0,17:4,21
Western,Pre,2024-08-12,IPPM,4,1,Honey,36.42,Both,1,10:3,26
Western,Pre,2024-08-12,IPPM,4,1,Honey,28.19,Both,1,10:3,26
Western,Pre,2024-08-12,IPPM,4,1,Longhorn,15.92,Male,0,10:3,26
Western,Pre,2024-08-12,IPPM,4,1,Longhorn,20.08,Both,1,10:3,26
Western,Pre,2024-08-12,IPPM,4,1,Honey,10.5,Female,0,10:3,26
Western,Pre,2024-08-12,IPPM,4,1,Squash,21.23,Male,0,10:3,26
Western,Pre,2024-08-12,IPPM,1,2,Longhorn,34.04,Male,0,NA,NA
Western,Pre,2024-08-12,IPPM,2,2,Honey,5.32,Male,0,NA,6
Western,Pre,2024-08-12,IPPM,3,2,Longhorn,20.6,Both,1,3:1,NA
Western,Pre,2024-08-12,IPPM,3,2,Honey,5.32,Female,0,3:1,NA
Western,Pre,2024-08-12,IPPM,3,2,Honey,11.12,Male,0,3:1,NA
Western,Pre,2024-08-12,IPPM,4,2,Longhorn,10.16,Male,0,15:2,17
Western,Pre,2024-08-12,IPPM,4,2,Honey,23.48,Both,1,15:2,17
Western,Pre,2024-08-12,IPPM,4,2,Longhorn,8.06,Female,0,15:2,17
Western,Pre,2024-08-12,IPPM,4,3,Honey,6.32,Male,0,7:1,16
Western,Pre,2024-08-12,IPPM,4,3,Bumble,15.63,Female,0,7:1,16
Western,Pre,2024-08-12,IPPM,4,3,Honey,32.08,Both,1,7:1,16
Western,Pre,2024-08-12,IPPM,4,3,Longhorn,16.05,Male,0,7:1,16
Western,Pre,2024-08-12,IPPM,3,3,Longhorn,22.06,Both,0,7:2,18
Western,Pre,2024-08-12,IPPM,3,3,Honey,12.15,Male,0,7:2,18
Western,Pre,2024-08-12,IPPM,3,3,Honey,48.32,Both,1,7:2,18
Western,Pre,2024-08-12,IPPM,3,3,Striped Sweat,28.04,Male,0,7:2,18
Western,Pre,2024-08-12,IPPM,2,3,Bumble,6.15,Male,0,4:1,NA
Western,Pre,2024-08-12,IPPM,2,3,Honey,14.07,Both,1,4:1,NA
Western,Pre,2024-08-12,IPPM,1,3,Longhorn,18.16,Both,1,7:1,14
Western,Pre,2024-08-12,IPPM,1,3,Honey,11.23,Male,0,7:1,14
Western,Pre,2024-08-12,IPPM,4,4,Honey,26.22,Both,1,16:5,21
Western,Pre,2024-08-12,IPPM,4,4,Longhorn,13.11,Male,0,16:5,21
Western,Pre,2024-08-12,IPPM,4,4,Honey,9.98,Female,0,16:5,21
Western,Pre,2024-08-12,IPPM,4,4,Honey,12.72,Male,0,16:5,21
Western,Pre,2024-08-12,IPPM,4,4,Longhorn,5.32,Male,0,16:5,21
Western,Pre,2024-08-12,IPPM,3,4,Striped Sweat,12.02,Male,0,21:5,26
Western,Pre,2024-08-12,IPPM,3,4,Bumble,22.56,Both,1,21:5,26
Western,Pre,2024-08-12,IPPM,3,4,Honey,6.03,Female,0,21:5,26
Western,Pre,2024-08-12,IPPM,3,4,Honey,38.11,Both,1,21:5,26
Western,Pre,2024-08-12,IPPM,3,4,Honey,7.32,Male,0,21:5,26
Western,Pre,2024-08-12,IPPM,2,4,Honey,23.22,Both,1,11:2,22
Western,Pre,2024-08-12,IPPM,2,4,Honey,34.08,Both,1,11:2,22
Western,Pre,2024-08-12,IPPM,2,4,Honey,6.24,Male,0,11:2,22
Western,Pre,2024-08-12,IPPM,2,4,Honey,15.12,Male,0,11:2,22
Western,Pre,2024-08-12,IPPM,1,4,Honey,8.73,Male,0,11:3,14
Western,Pre,2024-08-12,IPPM,1,4,Longhorn,32.18,Both,1,11:3,14
Western,Pre,2024-08-12,IPPM,1,4,Bumble,12.06,Male,0,11:3,14
Western,Pre,2024-08-12,Conventional,1,1,Honey,18.93,Female,0,5:3,8
Western,Pre,2024-08-12,Conventional,1,1,Honey,7.05,Male,0,5:3,8
Western,Pre,2024-08-12,Conventional,1,1,Honey,31.82,Both,1,5:3,8
Western,Pre,2024-08-12,Conventional,2,1,Honey,6.03,Male,0,3:1,24
Western,Pre,2024-08-12,Conventional,2,1,Squash,18.21,Both,0,3:1,24
Western,Pre,2024-08-12,Conventional,2,1,Squash,33.61,Both,1,3:1,24
Western,Pre,2024-08-12,Conventional,2,1,Honey,42.96,Both,1,3:1,24
Western,Pre,2024-08-12,Conventional,2,1,Honey,10.11,Male,0,3:1,24
Western,Pre,2024-08-12,Conventional,2,1,Squash,9.17,Male,0,3:1,24
Western,Pre,2024-08-12,Conventional,3,1,Honey,23.17,Both,NA,NA,NA
Western,Pre,2024-08-12,Conventional,3,1,Honey,17.12,Female,0,NA,NA
Western,Pre,2024-08-12,Conventional,3,1,Squash,8.32,Male,0,NA,NA
Western,Pre,2024-08-12,Conventional,3,1,Honey,48.53,Both,1,NA,NA
Western,Pre,2024-08-12,Conventional,3,1,Longhorn,24.83,Both,1,NA,NA
Western,Pre,2024-08-12,Conventional,3,1,Squash,5.8,Male,0,NA,NA
Western,Pre,2024-08-12,Conventional,3,1,Squash,11.1,Female,0,NA,NA
Western,Pre,2024-08-12,Conventional,4,1,Honey,48.21,Both,1,13:4,34
Western,Pre,2024-08-12,Conventional,4,1,Honey,36.62,Both,1,13:4,34
Western,Pre,2024-08-12,Conventional,4,1,Honey,35.12,Male,0,13:4,34
Western,Pre,2024-08-12,Conventional,4,1,Squash,17.8,Female,0,13:4,34
Western,Pre,2024-08-12,Conventional,4,1,Squash,30.52,Both,1,13:4,34
Western,Pre,2024-08-12,Conventional,4,1,Honey,10.11,Male,0,13:4,34
Western,Pre,2024-08-12,Conventional,4,1,Squash,8.09,Male,0,13:4,34
Western,Pre,2024-08-12,Conventional,4,1,Honey,12.2,Female,0,13:4,34
Western,Pre,2024-08-12,Conventional,4,1,Honey,20.17,Both,1,13:4,34
Western,Pre,2024-08-12,Conventional,4,1,Squash,12.73,Male,0,13:4,34
Western,Pre,2024-08-12,Conventional,4,1,Honey,5.93,Female,0,13:4,34
Western,Pre,2024-08-12,Conventional,1,2,Honey,17.21,Male,0,3:1,9
Western,Pre,2024-08-12,Conventional,1,2,Squash,11.7,Male,0,3:1,9
Western,Pre,2024-08-12,Conventional,1,2,Honey,21.63,Both,1,3:1,9
Western,Pre,2024-08-12,Conventional,2,2,Honey,5.81,Male,0,NA,NA
Western,Pre,2024-08-12,Conventional,2,2,Honey,33.76,Both,1,NA,NA
Western,Pre,2024-08-12,Conventional,2,2,Squash,21.13,Both,1,NA,NA
Western,Pre,2024-08-12,Conventional,2,2,Squash,10.12,Female,0,NA,NA
Western,Pre,2024-08-12,Conventional,2,2,Honey,8.52,Male,0,NA,NA
Western,Pre,2024-08-12,Conventional,2,2,Honey,16.23,Both,1,NA,NA
Western,Pre,2024-08-12,Conventional,3,2,Squash,23.16,Both,1,24:7,33
Western,Pre,2024-08-12,Conventional,3,2,Honey,53.96,Both,1,24:7,33
Western,Pre,2024-08-12,Conventional,3,2,Honey,36.12,Both,1,24:7,33
Western,Pre,2024-08-12,Conventional,3,2,Bumble,12.33,Male,0,24:7,33
Western,Pre,2024-08-12,Conventional,3,2,Squash,17.6,Male,0,24:7,33
Western,Pre,2024-08-12,Conventional,3,2,Honey,5.17,Female,0,24:7,33
Western,Pre,2024-08-12,Conventional,3,2,Honey,8.21,Male,0,24:7,33
Western,Pre,2024-08-12,Conventional,3,2,Longhorn,13.11,Both,1,24:7,33
Western,Pre,2024-08-12,Conventional,4,2,Honey,12.63,Male,0,5:2,26
Western,Pre,2024-08-12,Conventional,4,2,Honey,24.18,Both,1,5:2,26
Western,Pre,2024-08-12,Conventional,4,2,Squash,33.8,Both,1,5:2,26
Western,Pre,2024-08-12,Conventional,4,2,Honey,48.12,Both,1,5:2,26
Western,Pre,2024-08-12,Conventional,4,2,Longhorn,15.72,Both,1,5:2,26
Western,Pre,2024-08-12,Conventional,4,2,Squash,17.18,Female,0,5:2,26
Western,Pre,2024-08-12,Conventional,4,2,Squash,21.53,Both,0,5:2,26
Western,Pre,2024-08-12,Conventional,4,2,Honey,8.32,Male,0,5:2,26
Western,Pre,2024-08-12,Conventional,4,2,Squash,10.96,Male,0,5:2,26
Western,Pre,2024-08-12,Conventional,1,3,Honey,35.21,Both,1,3:1,9
Western,Pre,2024-08-12,Conventional,1,3,Honey,23.16,Male,0,3:1,9
Western,Pre,2024-08-12,Conventional,1,3,Squash,8.03,Female,0,3:1,9
Western,Pre,2024-08-12,Conventional,1,3,Honey,17.9,Both,1,3:1,9
Western,Pre,2024-08-12,Conventional,2,3,Honey,8.1,Male,0,21:7,26
Western,Pre,2024-08-12,Conventional,2,3,Honey,39.92,Both,1,21:7,26
Western,Pre,2024-08-12,Conventional,2,3,Honey,16.43,Male,0,21:7,26
Western,Pre,2024-08-12,Conventional,2,3,Squash,25.11,Both,1,21:7,26
Western,Pre,2024-08-12,Conventional,2,3,Honey,17.65,Male,0,21:7,26
Western,Pre,2024-08-12,Conventional,2,3,Squash,5.32,Female,0,21:7,26
Western,Pre,2024-08-12,Conventional,3,3,Honey,23.15,Both,1,11:4,30
Western,Pre,2024-08-12,Conventional,3,3,Squash,26.74,Both,1,11:4,30
Western,Pre,2024-08-12,Conventional,3,3,Honey,6.03,Male,0,11:4,30
Western,Pre,2024-08-12,Conventional,3,3,Longhorn,12.18,Male,0,11:4,30
Western,Pre,2024-08-12,Conventional,3,3,Squash,24.2,Both,0,11:4,30
Western,Pre,2024-08-12,Conventional,3,3,Honey,10.92,Female,0,11:4,30
Western,Pre,2024-08-12,Conventional,3,3,Honey,38.6,Both,1,11:4,30
Western,Pre,2024-08-12,Conventional,3,3,Honey,13.53,Male,0,11:4,30
Western,Pre,2024-08-12,Conventional,4,3,Squash,26.13,Both,1,21:7,28
Western,Pre,2024-08-12,Conventional,4,3,Honey,8.12,Male,0,21:7,28
Western,Pre,2024-08-12,Conventional,4,3,Honey,32.07,Both,1,21:7,28
Western,Pre,2024-08-12,Conventional,4,3,Squash,17.8,Male,0,21:7,28
Western,Pre,2024-08-12,Conventional,4,3,Honey,30.18,Both,1,21:7,28
Western,Pre,2024-08-12,Conventional,4,3,Honey,53.12,Both,1,21:7,28
Western,Pre,2024-08-12,Conventional,4,3,Bumble,7.06,Female,0,21:7,28
Western,Pre,2024-08-12,Conventional,4,3,Honey,10.11,Male,0,21:7,28
Western,Pre,2024-08-12,Conventional,4,3,Squash,33.6,Both,1,21:7,28
Western,Pre,2024-08-12,Conventional,4,3,Squash,7.23,Male,0,21:7,28
Western,Pre,2024-08-12,Conventional,4,4,Honey,36.14,Both,1,24:7,31
Western,Pre,2024-08-12,Conventional,4,4,Honey,8.02,Male,0,24:7,31
Western,Pre,2024-08-12,Conventional,4,4,Honey,16.12,Male,0,24:7,31
Western,Pre,2024-08-12,Conventional,4,4,Longhorn,17.93,Both,0,24:7,31
Western,Pre,2024-08-12,Conventional,4,4,Squash,24.2,Both,1,24:7,31
Western,Pre,2024-08-12,Conventional,4,4,Squash,27.11,Both,1,24:7,31
Western,Pre,2024-08-12,Conventional,4,4,Sweat,42.12,Female,0,24:7,31
Western,Pre,2024-08-12,Conventional,4,4,Honey,52.95,Both,1,24:7,31
Western,Pre,2024-08-12,Conventional,4,4,Honey,7.63,Male,0,24:7,31
Western,Pre,2024-08-12,Conventional,4,4,Squash,12.55,Male,0,24:7,31
Western,Pre,2024-08-12,Conventional,3,4,Honey,28.16,Both,1,3:1,32
Western,Pre,2024-08-12,Conventional,3,4,Squash,7.92,Female,0,3:1,32
Western,Pre,2024-08-12,Conventional,3,4,Squash,16.83,Male,0,3:1,32
Western,Pre,2024-08-12,Conventional,3,4,Honey,33.71,Both,1,3:1,32
Western,Pre,2024-08-12,Conventional,3,4,Honey,12.08,Male,0,3:1,32
Western,Pre,2024-08-12,Conventional,3,4,Honey,43.09,Both,1,3:1,32
Western,Pre,2024-08-12,Conventional,3,4,Squash,15.14,Both,0,3:1,32
Western,Pre,2024-08-12,Conventional,2,4,Honey,22.12,Both,1,5:2,26
Western,Pre,2024-08-12,Conventional,2,4,Honey,15.93,Both,0,5:2,26
Western,Pre,2024-08-12,Conventional,2,4,Honey,6.09,Male,0,5:2,26
Western,Pre,2024-08-12,Conventional,2,4,Squash,18.62,Male,0,5:2,26
Western,Pre,2024-08-12,Conventional,2,4,Honey,33.21,Both,1,5:2,26
Western,Pre,2024-08-12,Conventional,2,4,Squash,9.08,Female,0,5:2,26
Western,Pre,2024-08-12,Conventional,2,4,Honey,48.12,Both,1,5:2,26
Western,Pre,2024-08-12,Conventional,2,4,Bumble,5.36,Male,0,5:2,26
Western,Pre,2024-08-12,Conventional,1,4,Honey,23.52,Both,1,5:2,7
Western,Pre,2024-08-12,Conventional,1,4,Honey,8.17,Male,0,5:2,7
Western,Pre,2024-08-12,Conventional,1,4,Squash,16.33,Both,0,5:2,7
Western,Post,2024-08-01,Conventional,1,1,Honey,8,Male,0,7:3,16
Western,Post,2024-08-01,Conventional,1,2,Honey,15,Male,0,7:2,9
Western,Post,2024-08-01,Conventional,1,2,Sweat,4,Male,0,7:2,9
Western,Post,2024-08-01,Conventional,1,2,Honey,38,Male,0,7:2,9
Western,Post,2024-08-01,Conventional,2,1,Honey,6,Male,0,15:1,16
Western,Post,2024-08-01,Conventional,2,1,Honey,1,Male,0,15:1,16
Western,Post,2024-08-01,Conventional,2,1,Honey,16,Male,0,15:1,16
Western,Post,2024-08-01,Conventional,2,1,Honey,2,Male,0,15:1,16
Western,Post,2024-08-01,Conventional,2,1,Honey,32,Male,0,15:1,16
Western,Post,2024-08-01,Conventional,3,1,Honey,37,Male,0,10:1,22
Western,Post,2024-08-01,Conventional,3,1,Honey,3,Male,0,10:1,22
Western,Post,2024-08-01,Conventional,3,1,Honey,15,Male,0,10:1,22
Western,Post,2024-08-01,Conventional,3,1,Honey,50,Male,0,10:1,22
Western,Post,2024-08-01,Conventional,3,1,Sweat,15,Male,0,10:1,22
Western,Post,2024-08-01,Conventional,3,1,Honey,3,Male,0,10:1,22
Western,Post,2024-08-01,Conventional,4,1,Honey,20,Male,0,8:1,18
Western,Post,2024-08-01,Conventional,4,1,Honey,43,Both,1,8:1,18
Western,Post,2024-08-01,Conventional,4,1,Honey,35,Male,0,8:1,18
Western,Post,2024-08-01,Conventional,4,1,Honey,5,Male,0,8:1,18
Western,Post,2024-08-01,Conventional,4,2,Honey,105,Male,0,5:1,18
Western,Post,2024-08-01,Conventional,3,2,Honey,45,Both,1,17:4,21
Western,Post,2024-08-01,Conventional,3,2,Honey,25,Male,0,17:4,21
Western,Post,2024-08-01,Conventional,3,2,Striped Sweat,20,Both,1,17:4,21
Western,Post,2024-08-01,Conventional,3,2,Honey,121,Both,1,17:4,21
Western,Post,2024-08-01,Conventional,3,2,Honey,10,Both,1,17:4,21
Western,Post,2024-08-01,Conventional,2,2,Squash,12,Both,1,9:1,20
Western,Post,2024-08-01,Conventional,2,2,Sweat,61,Male,0,9:1,20
Western,Post,2024-08-01,Conventional,2,2,Honey,81,Male,0,9:1,20
Western,Post,2024-08-01,Conventional,2,2,Honey,21,Male,0,9:1,20
Western,Post,2024-08-01,Conventional,2,2,Honey,61,Male,0,9:1,20
Western,Post,2024-08-01,Conventional,2,2,Honey,5,Male,0,9:1,20
Western,Post,2024-08-01,Conventional,2,2,Honey,10,Male,0,9:1,20
Western,Post,2024-08-01,Conventional,3,3,Longhorn,11,Male,0,11:3,42
Western,Post,2024-08-01,Conventional,3,3,Honey,40,Both,1,11:3,42
Western,Post,2024-08-01,Conventional,3,3,Honey,18,Male,0,11:3,42
Western,Post,2024-08-01,Conventional,3,3,Honey,4,Male,0,11:3,42
Western,Post,2024-08-01,Conventional,3,3,Honey,17,Male,0,11:3,42
Western,Post,2024-08-01,Conventional,3,3,Honey,8,Male,0,11:3,42
Western,Post,2024-08-01,Conventional,3,3,Honey,12,Male,0,11:3,42
Western,Post,2024-08-01,Conventional,4,3,Honey,25,Both,0,NA,NA
Western,Post,2024-08-01,Conventional,4,3,Honey,48,Male,0,NA,NA
Western,Post,2024-08-01,Conventional,4,3,Honey,84,Both,1,NA,NA
Western,Post,2024-08-01,Conventional,4,3,Honey,10,Male,0,NA,NA
Western,Post,2024-08-01,Conventional,2,3,Honey,44,Both,1,29:7,36
Western,Post,2024-08-01,Conventional,2,3,Honey,30,Both,1,29:7,36
Western,Post,2024-08-01,Conventional,2,3,Honey,25,Male,0,29:7,36
Western,Post,2024-08-01,Conventional,4,4,Sweat,80,Male,0,55:6,61
Western,Post,2024-08-01,Conventional,4,4,Sweat,70,Male,0,55:6,61
Western,Post,2024-08-01,Conventional,4,4,Honey,18,Female,0,55:6,61
Western,Post,2024-08-01,Conventional,4,4,Honey,27,Male,0,55:6,61
Western,Post,2024-08-01,Conventional,4,4,Honey,8,Both,0,55:6,61
Western,Post,2024-08-01,Conventional,4,4,Honey,18,Male,0,55:6,61
Western,Post,2024-08-01,Conventional,1,3,Honey,17,Both,1,50:9,59
Western,Post,2024-08-01,Conventional,1,3,Honey,15,Both,1,50:9,59
Western,Post,2024-08-01,Conventional,1,3,Striped Sweat,5,Male,0,50:9,59
Western,Post,2024-08-01,Conventional,1,3,Honey,8,Male,0,50:9,59
Western,Post,2024-08-01,Conventional,1,3,Striped Sweat,6,Both,1,50:9,59
Western,Post,2024-08-01,Conventional,1,3,Honey,9,Male,0,50:9,59
Western,Post,2024-08-01,Conventional,3,4,Honey,9,Both,0,43:7,50
Western,Post,2024-08-01,Conventional,3,4,Honey,4,Male,0,43:7,50
Western,Post,2024-08-01,Conventional,3,4,Honey,9,Male,0,43:7,50
Western,Post,2024-08-01,Conventional,3,4,Honey,16,Both,1,43:7,50
Western,Post,2024-08-01,Conventional,3,4,Honey,15,Male,0,43:7,50
Western,Post,2024-08-01,Conventional,3,4,Honey,15,Both,1,43:7,50
Western,Post,2024-08-01,Conventional,3,4,Honey,11,Both,0,43:7,50
Western,Post,2024-08-01,Conventional,1,4,Honey,15,Both,0,22:3,25
Western,Post,2024-08-01,Conventional,1,4,Honey,36,Both,1,22:3,25
Western,Post,2024-08-01,Conventional,1,4,Honey,6,Male,0,22:3,25
Western,Post,2024-08-01,Conventional,1,4,Sweat,25,Male,0,22:3,25
Western,Post,2024-08-01,Conventional,1,4,Honey,22,Both,0,22:3,25
Western,Post,2024-08-01,Conventional,2,4,Honey,44,Male,0,35:2,37
Western,Post,2024-08-01,Conventional,2,4,Honey,27,Both,1,35:2,37
Western,Post,2024-08-01,Conventional,2,4,Honey,3,Male,0,35:2,37
Western,Post,2024-08-01,Conventional,2,4,Honey,23,Male,0,35:2,37
Western,Post,2024-08-01,Conventional,2,4,Honey,9,Male,0,35:2,37
Western,Post,2024-08-01,Conventional,2,4,Honey,13,Male,0,35:2,37
Western,Post,2024-08-01,Conventional,2,4,Honey,8,Male,0,35:2,37
Western,Post,2024-08-01,IPPM,2,1,Longhorn,17,Both,1,29:9,38
Western,Post,2024-08-01,IPPM,2,1,Bumble,19,Both,1,29:9,38
Western,Post,2024-08-01,IPPM,3,1,Honey,44,Both,1,37:8,45
Western,Post,2024-08-01,IPPM,3,1,Longhorn,32,Both,1,37:8,45
Western,Post,2024-08-01,IPPM,3,1,Honey,2,Male,0,37:8,45
Western,Post,2024-08-01,IPPM,4,1,Honey,18,Male,0,6:1,35
Western,Post,2024-08-01,IPPM,4,1,Sweat,3,Male,0,6:1,35
Western,Post,2024-08-01,IPPM,4,1,Honey,33,Both,1,6:1,35
Western,Post,2024-08-01,IPPM,4,1,Honey,10,Male,0,6:1,35
Western,Post,2024-08-01,IPPM,3,2,Sweat,10,Male,0,38:5,43
Western,Post,2024-08-01,IPPM,3,2,Longhorn,7,Male,0,38:5,43
Western,Post,2024-08-01,IPPM,3,2,Honey,21,Male,0,38:5,43
Western,Post,2024-08-01,IPPM,3,2,Longhorn,3,Male,0,38:5,43
Western,Post,2024-08-01,IPPM,3,2,Honey,31,Male,0,38:5,43
Western,Post,2024-08-01,IPPM,4,2,Longhorn,6,Male,0,27:5,32
Western,Post,2024-08-01,IPPM,4,2,Honey,90,Both,1,27:5,32
Western,Post,2024-08-01,IPPM,4,2,Bumble,4,Female,0,27:5,32
Western,Post,2024-08-01,IPPM,4,3,Striped Sweat,43,Male,0,6:1,21
Western,Post,2024-08-01,IPPM,4,3,Sweat,13,Female,0,6:1,21
Western,Post,2024-08-01,IPPM,4,3,Longhorn,28,Male,0,6:1,21
Western,Post,2024-08-01,IPPM,4,3,Longhorn,6,Male,0,6:1,21
Western,Post,2024-08-01,IPPM,4,3,Longhorn,1,Male,0,6:1,21
Western,Post,2024-08-01,IPPM,1,1,Sweat,3,Male,0,9:2,11
Western,Post,2024-08-01,IPPM,2,2,Sweat,100,Male,0,4:1,15
Western,Post,2024-08-01,IPPM,3,3,Sweat,2,Male,0,5:3,16
Western,Post,2024-08-01,IPPM,4,4,Longhorn,1,Male,0,11:4,15
Western,Post,2024-08-01,IPPM,4,4,Longhorn,4,Male,0,11:4,15
Western,Post,2024-08-01,IPPM,4,4,Longhorn,6,Male,0,11:4,15
Western,Post,2024-08-01,IPPM,4,4,Sweat,4,Female,0,11:4,15
Western,Post,2024-08-01,IPPM,4,4,Striped Sweat,17,Male,0,11:4,15
Western,Post,2024-08-01,IPPM,3,4,Honey,40,Both,1,13:1,14
Western,Post,2024-08-01,IPPM,2,3,Bumble,240,Male,0,8:1,18
Western,Post,2024-08-01,IPPM,2,3,Longhorn,1,Male,0,8:1,18
Western,Post,2024-08-01,IPPM,1,2,Longhorn,26,Both,1,5:2,14
Western,Post,2024-08-01,IPPM,1,3,Sweat,17,Male,0,25:1,26
Western,Post,2024-08-01,IPPM,1,3,Longhorn,10,Male,0,25:1,26
Western,Post,2024-08-01,IPPM,2,4,Longhorn,5,Male,0,7:2,36
Western,Post,2024-08-01,IPPM,2,4,Longhorn,4,Male,0,7:2,36
Western,Post,2024-08-01,IPPM,2,4,Honey,10,Both,0,7:2,36
Western,Post,2024-08-01,IPPM,2,4,Honey,15,Both,1,7:2,36
Western,Post,2024-08-06,IPPM,1,1,Green Metallic Sweat,8,Female,0,10:1,11
Western,Post,2024-08-06,IPPM,1,1,Longhorn,14,Male,0,10:1,11
Western,Post,2024-08-06,IPPM,2,1,Longhorn,2,Male,0,7:2,18
Western,Post,2024-08-06,IPPM,2,1,Longhorn,29.36,Both,1,7:2,18
Western,Post,2024-08-06,IPPM,3,1,Longhorn,4.86,Male,0,15:4,19
Western,Post,2024-08-06,IPPM,3,1,Striped Sweat,31.68,Male,0,15:4,19
Western,Post,2024-08-06,IPPM,4,1,Striped Sweat,3.62,Female,0,18:5,23
Western,Post,2024-08-06,IPPM,3,2,Longhorn,6.75,Male,0,5:2,21
Western,Post,2024-08-06,IPPM,3,2,Longhorn,5.49,Male,0,5:2,21
Western,Post,2024-08-06,IPPM,2,2,Honey,19.94,Both,1,3:1,16
Western,Post,2024-08-06,IPPM,1,2,Bumble,3.6,Male,0,4:1,5
Western,Post,2024-08-06,IPPM,2,3,Sweat,16,Male,0,7:2,18
Western,Post,2024-08-06,IPPM,2,3,Green Metallic Sweat,3,Male,0,7:2,18
Western,Post,2024-08-06,IPPM,2,3,Squash,3,Male,0,7:2,18
Western,Post,2024-08-06,IPPM,2,3,Sweat,3,Male,0,7:2,18
Western,Post,2024-08-06,IPPM,2,3,Longhorn,7,Both,0,7:2,18
Western,Post,2024-08-06,IPPM,3,3,Sweat,6,Male,0,18:5,23
Western,Post,2024-08-06,IPPM,3,3,Sweat,5,Male,0,18:5,23
Western,Post,2024-08-06,IPPM,3,3,Sweat,16,Male,0,18:5,23
Western,Post,2024-08-06,IPPM,3,3,Sweat,43,Male,0,18:5,23
Western,Post,2024-08-06,IPPM,3,3,Longhorn,1,Male,0,18:5,23
Western,Post,2024-08-06,IPPM,4,2,Squash,7,Male,0,15:2,17
Western,Post,2024-08-06,IPPM,4,2,Sweat,3,Male,0,15:2,17
Western,Post,2024-08-06,IPPM,4,2,Sweat,1,Male,0,15:2,17
Western,Post,2024-08-06,IPPM,4,3,Sweat,10,Male,0,14:3,17
Western,Post,2024-08-06,IPPM,4,3,Sweat,11,Male,0,14:3,17
Western,Post,2024-08-06,IPPM,3,4,Honey,9,Male,0,9:2,22
Western,Post,2024-08-06,IPPM,3,4,Squash,4,Female,0,9:2,22
Western,Post,2024-08-06,IPPM,3,4,Honey,35,Both,1,9:2,22
Western,Post,2024-08-06,IPPM,1,3,Sweat,6,Male,0,12:1,13
Western,Post,2024-08-06,Conventional,1,1,Honey,13.72,Both,1,11:4,15
Western,Post,2024-08-06,Conventional,1,1,Honey,15.23,Both,1,11:4,15
Western,Post,2024-08-06,Conventional,1,1,Honey,95.97,Both,1,11:4,15
Western,Post,2024-08-06,Conventional,1,1,Honey,17.26,Male,0,11:4,15
Western,Post,2024-08-06,Conventional,2,1,Honey,13.32,Male,0,5:3,16
Western,Post,2024-08-06,Conventional,2,1,Honey,26.17,Both,1,5:3,16
Western,Post,2024-08-06,Conventional,2,1,Honey,6.25,Male,0,5:3,16
Western,Post,2024-08-06,Conventional,2,1,Honey,7.07,Female,0,5:3,16
Western,Post,2024-08-06,Conventional,2,1,Honey,14.31,Male,0,5:3,16
Western,Post,2024-08-06,Conventional,2,1,Honey,40.7,Both,1,5:3,16
Western,Post,2024-08-06,Conventional,3,1,Honey,26.97,Both,1,7:3,32
Western,Post,2024-08-06,Conventional,3,1,Bumble,6.72,Male,0,7:3,32
Western,Post,2024-08-06,Conventional,3,1,Honey,12.5,Both,1,7:3,32
Western,Post,2024-08-06,Conventional,3,1,Honey,38.19,Both,1,7:3,32
Western,Post,2024-08-06,Conventional,3,1,Honey,50.69,Both,1,7:3,32
Western,Post,2024-08-06,Conventional,3,1,Honey,22.16,Both,1,7:3,32
Western,Post,2024-08-06,Conventional,3,1,Striped Sweat,10.9,Male,0,7:3,32
Western,Post,2024-08-06,Conventional,3,1,Honey,16.81,Both,0,7:3,32
Western,Post,2024-08-06,Conventional,3,1,Honey,30.12,Both,1,7:3,32
Western,Post,2024-08-06,Conventional,3,1,Honey,12.4,Male,0,7:3,32
Western,Post,2024-08-06,Conventional,4,1,Striped Sweat,3,Male,0,15:8,23
Western,Post,2024-08-06,Conventional,4,1,Honey,66.1,Both,1,15:8,23
Western,Post,2024-08-06,Conventional,4,1,Honey,90.76,Both,1,15:8,23
Western,Post,2024-08-06,Conventional,4,1,Honey,24.82,Both,1,15:8,23
Western,Post,2024-08-06,Conventional,4,1,Bumble,8.49,Male,0,15:8,23
Western,Post,2024-08-06,Conventional,4,1,Honey,46.8,Both,1,15:8,23
Western,Post,2024-08-06,Conventional,4,2,Honey,96,Both,1,13:7,20
Western,Post,2024-08-06,Conventional,4,2,Honey,34.91,Both,1,13:7,20
Western,Post,2024-08-06,Conventional,4,2,Honey,14.07,Male,0,13:7,20
Western,Post,2024-08-06,Conventional,4,2,Honey,40.15,Both,1,13:7,20
Western,Post,2024-08-06,Conventional,4,2,Honey,26.2,Both,1,13:7,20
Western,Post,2024-08-06,Conventional,4,2,Honey,48.29,Both,1,13:7,20
Western,Post,2024-08-06,Conventional,4,2,Honey,13.17,Male,0,13:7,20
Western,Post,2024-08-06,Conventional,3,2,Honey,32.54,Both,1,20:9,29
Western,Post,2024-08-06,Conventional,3,2,Honey,42.23,Both,1,20:9,29
Western,Post,2024-08-06,Conventional,3,2,Honey,17.6,Male,0,20:9,29
Western,Post,2024-08-06,Conventional,3,2,Honey,33.09,Both,1,20:9,29
Western,Post,2024-08-06,Conventional,3,2,Honey,13.91,Male,0,20:9,29
Western,Post,2024-08-06,Conventional,3,2,Honey,23.91,Both,1,20:9,29
Western,Post,2024-08-06,Conventional,3,2,Honey,17.35,Both,1,20:9,29
Western,Post,2024-08-06,Conventional,3,2,Honey,8.95,Female,0,20:9,29
Western,Post,2024-08-06,Conventional,2,2,Honey,6.99,Male,0,13:7,20
Western,Post,2024-08-06,Conventional,2,2,Honey,35.35,Both,1,13:7,20
Western,Post,2024-08-06,Conventional,2,2,Honey,44.96,Both,1,13:7,20
Western,Post,2024-08-06,Conventional,2,2,Honey,13.19,Female,0,13:7,20
Western,Post,2024-08-06,Conventional,2,2,Honey,31.3,Both,1,13:7,20
Western,Post,2024-08-06,Conventional,1,2,Honey,3.96,Male,0,3:1,8
Western,Post,2024-08-06,Conventional,1,2,Honey,39.85,Both,1,3:1,8
Western,Post,2024-08-06,Conventional,1,2,Honey,21.11,Both,1,3:1,8
Western,Post,2024-08-06,Conventional,1,2,Honey,3.89,Male,0,3:1,8
Western,Post,2024-08-06,Conventional,1,2,Honey,38.7,Both,1,3:1,8
Western,Post,2024-08-06,Conventional,1,2,Honey,61.34,Both,1,3:1,8
Western,Post,2024-08-06,Conventional,2,3,Sweat,3,Male,0,17:2,19
Western,Post,2024-08-06,Conventional,3,3,Honey,20,Male,0,15:2,17
Western,Post,2024-08-06,Conventional,3,3,Honey,7,Male,0,15:2,17
Western,Post,2024-08-06,Conventional,4,3,Honey,28,Both,1,15:4,19
Western,Post,2024-08-06,Conventional,4,3,Honey,44,Male,0,15:4,19
Western,Post,2024-08-06,Conventional,4,3,Sweat,11,Female,0,15:4,19
Western,Post,2024-08-06,Conventional,4,3,Honey,31,Both,1,15:4,19
Western,Post,2024-08-06,Conventional,4,4,Honey,16,Female,0,2:1,24
Western,Post,2024-08-06,Conventional,4,4,Honey,25,Both,1,2:1,24
Western,Post,2024-08-06,Conventional,4,4,Honey,11,Both,1,2:1,24
Western,Post,2024-08-06,Conventional,4,4,Honey,6,Both,0,2:1,24
Western,Post,2024-08-06,Conventional,4,4,Honey,10,Male,0,2:1,24
Western,Post,2024-08-06,Conventional,4,4,Longhorn,17,Male,0,2:1,24
Western,Post,2024-08-06,Conventional,4,4,Honey,3,Male,0,2:1,24
Western,Post,2024-08-06,Conventional,4,4,Honey,4,Male,0,2:1,24
Western,Post,2024-08-06,Conventional,4,4,Longhorn,10,Male,0,2:1,24
Western,Post,2024-08-06,Conventional,3,4,Honey,50,Both,1,19:7,26
Western,Post,2024-08-06,Conventional,3,4,Honey,30,Both,0,19:7,26
Western,Post,2024-08-06,Conventional,3,4,Honey,12,Both,1,19:7,26
Western,Post,2024-08-06,Conventional,3,4,Sweat,50,Both,1,19:7,26
Western,Post,2024-08-06,Conventional,3,4,Sweat,5,Male,0,19:7,26
Western,Post,2024-08-06,Conventional,2,4,Honey,8,Male,0,15:4,19
Western,Post,2024-08-06,Conventional,2,4,Sweat,33,Male,0,15:4,19
Western,Post,2024-08-06,Conventional,1,3,Sweat,18,Male,0,13:3,16
